{
  "profileSetName": "ASDD - APAC",
  "minimumEngineVersion": 27,
  "assignmentThreshold": 1,
  "domains": [
    {
      "domain": "ACCOUNT_NO",
      "maskingAlgorithmName": "dlpx-core:CM Alpha-Numeric"
    },
    {
      "domain": "ADDRESS",
      "maskingAlgorithmName": "AddrLookup"
    },
    {
      "domain": "ADDRESS_LINE2",
      "maskingAlgorithmName": "AddrLine2Lookup"
    },
    {
      "domain": "AGE",
      "maskingAlgorithmName": "dlpx-core:Age SL"
    },
    {
      "domain": "APAC - Email",
      "maskingAlgorithmName": "APAC - Email Fullname"
    },
    {
      "domain": "APAC - ID Numbers",
      "maskingAlgorithmName": "dlpx-core:CM Alpha-Numeric"
    },
    {
      "domain": "APAC - REDACT",
      "maskingAlgorithmName": "APAC - REDACT"
    },
    {
      "domain": "BANK_ACCOUNT_NO",
      "maskingAlgorithmName": "dlpx-core:CM Numeric"
    },
    {
      "domain": "BENEFICIARY_NO",
      "maskingAlgorithmName": "dlpx-core:CM Alpha-Numeric"
    },
    {
      "domain": "BIOMETRIC",
      "maskingAlgorithmName": "NullValueLookup"
    },
    {
      "domain": "BLOOD_TYPE",
      "maskingAlgorithmName": "dlpx-core:BloodType SL"
    },
    {
      "domain": "CERTIFICATE_NO",
      "maskingAlgorithmName": "dlpx-core:CM Alpha-Numeric"
    },
    {
      "domain": "CITY",
      "maskingAlgorithmName": "USCitiesLookup"
    },
    {
      "domain": "COMPANY_NAME",
      "maskingAlgorithmName": "BusinessLegalEntityLookup"
    },
    {
      "domain": "COUNTRY",
      "maskingAlgorithmName": "dlpx-core:Countries SL"
    },
    {
      "domain": "COUNTY",
      "maskingAlgorithmName": "USCountiesLookup"
    },
    {
      "domain": "CREDIT CARD",
      "maskingAlgorithmName": "CreditCard"
    },
    {
      "domain": "CUSTOMER_NO",
      "maskingAlgorithmName": "dlpx-core:CM Alpha-Numeric"
    },
    {
      "domain": "DEPARTMENT",
      "maskingAlgorithmName": "dlpx-core:Department SL"
    },
    {
      "domain": "DOB",
      "maskingAlgorithmName": "DateShiftDiscrete"
    },
    {
      "domain": "DRIVING_LC",
      "maskingAlgorithmName": "dlpx-core:CM Alpha-Numeric"
    },
    {
      "domain": "ETHNICITY",
      "maskingAlgorithmName": "dlpx-core:Ethnicity SL"
    },
    {
      "domain": "FIRST_NAME",
      "maskingAlgorithmName": "dlpx-core:FirstName"
    },
    {
      "domain": "FULL_NAME",
      "maskingAlgorithmName": "dlpx-core:FullName"
    },
    {
      "domain": "GENDER",
      "maskingAlgorithmName": "dlpx-core:Gender SL"
    },
    {
      "domain": "HIPAA_DATE",
      "maskingAlgorithmName": "DateShiftDiscrete"
    },
    {
      "domain": "HOUSE_NO",
      "maskingAlgorithmName": "dlpx-core:CM Alpha-Numeric"
    },
    {
      "domain": "IBAN",
      "maskingAlgorithmName": "dlpx-core:IBAN"
    },
    {
      "domain": "IP ADDRESS",
      "maskingAlgorithmName": "dlpx-core:CM Alpha-Numeric"
    },
    {
      "domain": "JOB_TITLE",
      "maskingAlgorithmName": "dlpx-core:JobTitle SL"
    },
    {
      "domain": "LANGUAGE",
      "maskingAlgorithmName": "dlpx-core:Language SL"
    },
    {
      "domain": "LAST_NAME",
      "maskingAlgorithmName": "dlpx-core:LastName"
    },
    {
      "domain": "LOCATION_COORDINATES",
      "maskingAlgorithmName": "dlpx-core:Lat_Long Coordinates"
    },
    {
      "domain": "MARITAL_STATUS",
      "maskingAlgorithmName": "dlpx-core:MaritalStatus SL"
    },
    {
      "domain": "MEDICAL_CODES",
      "maskingAlgorithmName": "dlpx-core:CM Numeric"
    },
    {
      "domain": "MEDICAL_DRUG",
      "maskingAlgorithmName": "dlpx-core:MedicalGenericDrug SL"
    },
    {
      "domain": "NATIONAL_ORIGIN",
      "maskingAlgorithmName": "dlpx-core:NationalOrigin SL"
    },
    {
      "domain": "PASSWORD",
      "maskingAlgorithmName": "dlpx-core:CM Alpha-Numeric"
    },
    {
      "domain": "PAYMENT_AMOUNT",
      "maskingAlgorithmName": "dlpx-core:CM Numeric"
    },
    {
      "domain": "PLATE_NO",
      "maskingAlgorithmName": "dlpx-core:CM Alpha-Numeric"
    },
    {
      "domain": "PO_BOX",
      "maskingAlgorithmName": "dlpx-core:CM Alpha-Numeric"
    },
    {
      "domain": "POLITICAL_ORIEN",
      "maskingAlgorithmName": "dlpx-core:PoliticalOrientation SL"
    },
    {
      "domain": "PRECINCT",
      "maskingAlgorithmName": "dlpx-core:CM Alpha-Numeric"
    },
    {
      "domain": "RECORD_NO",
      "maskingAlgorithmName": "dlpx-core:CM Alpha-Numeric"
    },
    {
      "domain": "RELIGIOUS_ORIEN",
      "maskingAlgorithmName": "dlpx-core:ReligiousOrientation SL"
    },
    {
      "domain": "ROUTING_NO",
      "maskingAlgorithmName": "dlpx-core:ABARoutingNumber SL"
    },
    {
      "domain": "SCHOOL_NM",
      "maskingAlgorithmName": "SchoolNameLookup"
    },
    {
      "domain": "SECURITY_CODE",
      "maskingAlgorithmName": "NullValueLookup"
    },
    {
      "domain": "SERIAL_NO",
      "maskingAlgorithmName": "dlpx-core:CM Alpha-Numeric"
    },
    {
      "domain": "SEXUAL_ORIENTATION",
      "maskingAlgorithmName": "dlpx-core:SexualOrientation SL"
    },
    {
      "domain": "SIGNATURE",
      "maskingAlgorithmName": "NullValueLookup"
    },
    {
      "domain": "SWIFT_CODE",
      "maskingAlgorithmName": "dlpx-core:SwiftCode SL"
    },
    {
      "domain": "TAX_ID",
      "maskingAlgorithmName": "dlpx-core:CM Alpha-Numeric"
    },
    {
      "domain": "TELEPHONE_NO",
      "maskingAlgorithmName": "dlpx-core:Phone Unique"
    },
    {
      "domain": "UNION_MEMBERSHIP_NO",
      "maskingAlgorithmName": "dlpx-core:CM Alpha-Numeric"
    },
    {
      "domain": "US_PASSPORT",
      "maskingAlgorithmName": "dlpx-core:CM Alpha-Numeric"
    },
    {
      "domain": "US_STATE",
      "maskingAlgorithmName": "USstatesLookup"
    },
    {
      "domain": "USER_ID",
      "maskingAlgorithmName": "dlpx-core:CM Alpha-Numeric"
    },
    {
      "domain": "USPS_STATE_CODE",
      "maskingAlgorithmName": "USstatecodesLookup"
    },
    {
      "domain": "VIN_NO",
      "maskingAlgorithmName": "dlpx-core:CM Alpha-Numeric"
    },
    {
      "domain": "WEB",
      "maskingAlgorithmName": "dlpx-core:CM Alpha-Numeric"
    },
    {
      "domain": "ZIP",
      "maskingAlgorithmName": "RepeatFirstDigit"
    }
  ],
  "classifiers": [
    {
      "domain": "ACCOUNT_NO",
      "name": "Account Number - Path",
      "type": "PATH",
      "properties": {
        "paths": [
          {
            "allowPartialMatch": true,
            "caseSensitive": false,
            "fieldValue": "(?i)(?\u003e(account|accnt|acct)_?-? ?(number|num|nbr|no|user))($|[ _-])",
            "matchStrength": 0.67,
            "matchType": "REGEX",
            "parentValue": ""
          }
        ],
        "rejectStrength": 0.0
      }
    },
    {
      "domain": "ACCOUNT_NO",
      "name": "Account Number - Type",
      "type": "TYPE",
      "properties": {
        "allowedTypes": [
          {
            "minimumLength": 5,
            "typeName": "String"
          },
          {
            "minimumLength": 5,
            "typeName": "Number"
          }
        ],
        "matchAutoIncrementingColumn": true
      }
    },
    {
      "domain": "ADDRESS",
      "name": "Address Line 1 - Path",
      "type": "PATH",
      "properties": {
        "paths": [
          {
            "allowPartialMatch": true,
            "caseSensitive": false,
            "fieldValue": "(?i)(?\u003e((st(reet)?_?-? ?addr(ess)?)|street?|(?\u003c!email[-_ ]?|ip[-_ ]?|web[-_ ]?|url[-_ ]?)addr(ess)?)_?-? ?((l(i)?n(e)?)? ?_?(1|))?)",
            "matchStrength": 0.67,
            "matchType": "REGEX",
            "parentValue": ""
          }
        ],
        "rejectStrength": 0.0
      }
    },
    {
      "domain": "ADDRESS",
      "name": "Address Line 1 - Regex",
      "type": "REGEX",
      "properties": {
        "dataPatterns": [
          {
            "allowPartialMatch": false,
            "caseSensitive": false,
            "checksumType": "NONE",
            "matchStrength": 0.7,
            "regex": "(?i)(.*[\\s]+b(ou)?l(e)?v(ar)?d[\\s]*.*)|(.*[\\s]+st(reet)?[\\s]*.*)|(.*[\\s]+ave[.]?(nue)?[\\s]*.*)|(.*[\\s]+r(oa)?d[\\s]*.*)|(.*[\\s]+l(a)?n(e)?[\\s]*.*)|(.*[\\s]+cir(cle)?[\\s]*.*)|(.*[\\s]+dr[.]?(ive)?[\\s]*.*)|(.*[\\s]+h(igh)?w(a)?y[\\s]*.*)|(.*[\\s]+r(ou)?t(e)?[\\s]*.*)|(.*[\\s]+c(our)?t[\\s]*.*)|(.*[\\s]+way[\\s]*.*)"
          }
        ],
        "rejectStrength": 0.1
      }
    },
    {
      "domain": "ADDRESS",
      "name": "Address Line 1 - Type",
      "type": "TYPE",
      "properties": {
        "allowedTypes": [
          {
            "minimumLength": 20,
            "typeName": "String"
          }
        ],
        "matchAutoIncrementingColumn": false
      }
    },
    {
      "domain": "ADDRESS_LINE2",
      "name": "Address Line 2 - Path",
      "type": "PATH",
      "properties": {
        "paths": [
          {
            "allowPartialMatch": true,
            "caseSensitive": false,
            "fieldValue": "(?i)(?\u003e((st(reet)?_?-? ?addr(ess)?)|street?|(?\u003c!email[-_ ]?|ip[-_ ]?|web[-_ ]?|url[-_ ]?)addr(ess)?)_?-? ?((l(i)?n(e)?)? ?_?([2-9]))?)",
            "matchStrength": 0.67,
            "matchType": "REGEX",
            "parentValue": ""
          }
        ],
        "rejectStrength": 0.0
      }
    },
    {
      "domain": "ADDRESS_LINE2",
      "name": "Address Line 2 - Regex",
      "type": "REGEX",
      "properties": {
        "dataPatterns": [
          {
            "allowPartialMatch": false,
            "caseSensitive": false,
            "checksumType": "NONE",
            "matchStrength": 0.7,
            "regex": "(?i)(.*[\\s]*ap(ar)?t(ment)?[.\\s]+.*)|(.*[\\s]*s(ui)?te[.\\s]+.*)|(c(are)?[\\s]*[\\\\]?[/]?o(f)?[.\\s]+.*)|(.*[\\s]*b(ui)?ld(in)?g[.\\s]+.*)|(.*[\\s]*fl(oor)?[.\\s]+.*)|(.*[\\s]*r(oo)?m[.\\s]+.*)|(.*[\\s]*unit[.\\s]+.*)"
          }
        ],
        "rejectStrength": 0.1
      }
    },
    {
      "domain": "ADDRESS_LINE2",
      "name": "Address Line 2 - Type",
      "type": "TYPE",
      "properties": {
        "allowedTypes": [
          {
            "minimumLength": 20,
            "typeName": "String"
          }
        ],
        "matchAutoIncrementingColumn": false
      }
    },
    {
      "domain": "AGE",
      "name": "Age - Path",
      "type": "PATH",
      "properties": {
        "paths": [
          {
            "allowPartialMatch": true,
            "caseSensitive": false,
            "fieldValue": "(?i)(?\u003e(^|[ _-])(age)[ _-]?(group|grp|number|num|nbr|no)?)($|[ _-])",
            "matchStrength": 0.67,
            "matchType": "REGEX",
            "parentValue": ""
          }
        ],
        "rejectStrength": 1.0
      }
    },
    {
      "domain": "AGE",
      "name": "Age - Regex",
      "type": "REGEX",
      "properties": {
        "dataPatterns": [
          {
            "allowPartialMatch": false,
            "caseSensitive": false,
            "checksumType": "NONE",
            "matchStrength": 0.1,
            "note": "Number range between 01 --\u003e 99",
            "regex": "\\d{1,2}"
          }
        ],
        "rejectStrength": 0.1
      }
    },
    {
      "domain": "AGE",
      "name": "Age - Type",
      "type": "TYPE",
      "properties": {
        "allowedTypes": [
          {
            "minimumLength": 2,
            "typeName": "Number"
          },
          {
            "minimumLength": 2,
            "typeName": "String"
          }
        ],
        "matchAutoIncrementingColumn": false
      }
    },
    {
      "domain": "APAC - Email",
      "name": "APAC - Email Address - Path",
      "type": "PATH",
      "properties": {
        "paths": [
          {
            "allowPartialMatch": true,
            "caseSensitive": false,
            "fieldValue": "(?i)(?\u003e(email_?-? ?)(addr?e?s?s?)?)$",
            "matchStrength": 0.67,
            "matchType": "REGEX",
            "parentValue": ""
          },
          {
            "allowPartialMatch": true,
            "caseSensitive": false,
            "fieldValue": "(?i)(cust|customer|partner|home|private|def|default)_?-? ?(email)_?-? ?(address|)",
            "matchStrength": 0.67,
            "matchType": "REGEX",
            "parentValue": ""
          }
        ],
        "rejectStrength": 0.0
      }
    },
    {
      "domain": "APAC - Email",
      "name": "APAC - Email Address - Regex",
      "type": "REGEX",
      "properties": {
        "dataPatterns": [
          {
            "allowPartialMatch": false,
            "caseSensitive": false,
            "checksumType": "NONE",
            "dataCleanRegex": "",
            "matchStrength": 0.9,
            "regex": "[A-Z0-9.!#$%\u0026\u0027*+/\u003d?^_{|}~-]{1,64}@(?\u003d.{1,255}$)[A-Z0-9-]+(?:\\.[A-Z0-9-]+)*"
          }
        ],
        "rejectStrength": 1.0
      }
    },
    {
      "domain": "APAC - Email",
      "name": "APAC - Email Address - Type",
      "type": "TYPE",
      "properties": {
        "allowedTypes": [
          {
            "minimumLength": 20,
            "typeName": "String"
          }
        ],
        "matchAutoIncrementingColumn": false
      }
    },
    {
      "domain": "FULL_NAME",
      "name": "APAC - Fullname",
      "type": "PATH",
      "properties": {
        "paths": [
          {
            "allowPartialMatch": true,
            "caseSensitive": false,
            "fieldValue": "(ship_name)",
            "matchStrength": 1.0,
            "matchType": "REGEX",
            "parentValue": ""
          }
        ],
        "rejectStrength": 0.0
      }
    },
    {
      "domain": "APAC - ID Numbers",
      "name": "APAC - ID Numbers - Path",
      "type": "PATH",
      "properties": {
        "paths": [
          {
            "allowPartialMatch": true,
            "caseSensitive": false,
            "fieldValue": "(?i)(id_doc|passport|drivers|licence)",
            "matchStrength": 0.67,
            "matchType": "REGEX",
            "parentValue": ""
          }
        ],
        "rejectStrength": 0.0
      }
    },
    {
      "domain": "CITY",
      "name": "APAC - Suburb",
      "type": "PATH",
      "properties": {
        "paths": [
          {
            "allowPartialMatch": true,
            "caseSensitive": false,
            "fieldValue": "(?i)(suburb)",
            "matchStrength": 0.67,
            "matchType": "REGEX",
            "parentValue": ""
          }
        ],
        "rejectStrength": 0.0
      }
    },
    {
      "domain": "APAC - REDACT",
      "name": "APAC - TEXT - Path",
      "type": "PATH",
      "properties": {
        "paths": [
          {
            "allowPartialMatch": true,
            "caseSensitive": false,
            "fieldValue": "(?\u003e(free[-_ ]?text|comment|description|note|remark|text|user[-_ ]?input|user[-_ ]?text))",
            "matchStrength": 0.67,
            "matchType": "REGEX",
            "parentValue": ""
          }
        ],
        "rejectStrength": 0.0
      }
    },
    {
      "domain": "APAC - REDACT",
      "name": "APAC - TEXT - Type",
      "type": "TYPE",
      "properties": {
        "allowedTypes": [
          {
            "minimumLength": 100,
            "typeName": "String"
          }
        ],
        "matchAutoIncrementingColumn": false
      }
    },
    {
      "domain": "BANK_ACCOUNT_NO",
      "name": "Bank Account Number - Path",
      "type": "PATH",
      "properties": {
        "paths": [
          {
            "allowPartialMatch": true,
            "caseSensitive": false,
            "fieldValue": "(?i)(?\u003e(bank_?-? ?)?(account|accnt|acct)_?-? ?(number|num|nbr|no))($|[ _-])",
            "matchStrength": 0.67,
            "matchType": "REGEX",
            "parentValue": ""
          }
        ],
        "rejectStrength": 0.0
      }
    },
    {
      "domain": "BANK_ACCOUNT_NO",
      "name": "Bank Account Number - Regex",
      "type": "REGEX",
      "properties": {
        "dataPatterns": [
          {
            "allowPartialMatch": false,
            "caseSensitive": false,
            "checksumType": "NONE",
            "matchStrength": 0.05,
            "regex": "\\d{5,17}"
          }
        ],
        "rejectStrength": 0.1
      }
    },
    {
      "domain": "BANK_ACCOUNT_NO",
      "name": "Bank Account Number - Type",
      "type": "TYPE",
      "properties": {
        "allowedTypes": [
          {
            "minimumLength": 5,
            "typeName": "Number"
          }
        ],
        "matchAutoIncrementingColumn": true
      }
    },
    {
      "domain": "BENEFICIARY_NO",
      "name": "Beneficiary Number - Path",
      "type": "PATH",
      "properties": {
        "paths": [
          {
            "allowPartialMatch": true,
            "caseSensitive": false,
            "fieldValue": "(?i)(?\u003e(bene(ficiary)?_?-? ?(number|num|nbr|no|id)))",
            "matchStrength": 0.67,
            "matchType": "REGEX",
            "parentValue": ""
          }
        ],
        "rejectStrength": 0.0
      }
    },
    {
      "domain": "BENEFICIARY_NO",
      "name": "Beneficiary Number - Type",
      "type": "TYPE",
      "properties": {
        "allowedTypes": [
          {
            "minimumLength": 5,
            "typeName": "Number"
          },
          {
            "minimumLength": 10,
            "typeName": "String"
          }
        ],
        "matchAutoIncrementingColumn": false
      }
    },
    {
      "domain": "BIOMETRIC",
      "name": "Biometric - Path",
      "type": "PATH",
      "properties": {
        "paths": [
          {
            "allowPartialMatch": true,
            "caseSensitive": false,
            "fieldValue": "(?i)(?\u003e(biometric))",
            "matchStrength": 0.67,
            "matchType": "REGEX",
            "parentValue": ""
          }
        ],
        "rejectStrength": 0.0
      }
    },
    {
      "domain": "BIOMETRIC",
      "name": "Biometric - Type",
      "type": "TYPE",
      "properties": {
        "allowedTypes": [
          {
            "minimumLength": 10,
            "typeName": "String"
          },
          {
            "minimumLength": 0,
            "typeName": "Binary"
          }
        ],
        "matchAutoIncrementingColumn": false
      }
    },
    {
      "domain": "BLOOD_TYPE",
      "name": "Blood Type - List",
      "type": "LIST",
      "properties": {
        "rejectStrength": 0.5,
        "tokenizationDelimiter": " ",
        "tokenizeInput": false,
        "valueLists": [
          {
            "file": "file://f_0ca8e5135f6e33d689a71da1d4b6aceb_blood_types.txt",
            "matchStrength": 1.0
          }
        ]
      }
    },
    {
      "domain": "BLOOD_TYPE",
      "name": "Blood Type - Path",
      "type": "PATH",
      "properties": {
        "paths": [
          {
            "allowPartialMatch": true,
            "caseSensitive": false,
            "fieldValue": "(?\u003eblood[-_ ]?(group|grp|type))",
            "matchStrength": 0.67,
            "matchType": "REGEX",
            "parentValue": ""
          }
        ],
        "rejectStrength": 0.0
      }
    },
    {
      "domain": "BLOOD_TYPE",
      "name": "Blood Type - Type",
      "type": "TYPE",
      "properties": {
        "allowedTypes": [
          {
            "minimumLength": 2,
            "typeName": "String"
          }
        ],
        "matchAutoIncrementingColumn": false
      }
    },
    {
      "domain": "CERTIFICATE_NO",
      "name": "Certificate Number - Path",
      "type": "PATH",
      "properties": {
        "paths": [
          {
            "allowPartialMatch": true,
            "caseSensitive": false,
            "fieldValue": "(?i)(?\u003e(^|[-_ ])cert(ificate)?_?-? ?(number|num|nbr|no|id))",
            "matchStrength": 0.67,
            "matchType": "REGEX",
            "parentValue": ""
          }
        ],
        "rejectStrength": 0.0
      }
    },
    {
      "domain": "CERTIFICATE_NO",
      "name": "Certificate Number - Type",
      "type": "TYPE",
      "properties": {
        "allowedTypes": [
          {
            "minimumLength": 10,
            "typeName": "String"
          },
          {
            "minimumLength": 5,
            "typeName": "Number"
          }
        ],
        "matchAutoIncrementingColumn": false
      }
    },
    {
      "domain": "CITY",
      "name": "City - List",
      "type": "LIST",
      "properties": {
        "rejectStrength": 0.5,
        "tokenizationDelimiter": " ",
        "tokenizeInput": false,
        "valueLists": [
          {
            "file": "file://f_a6db3d99646fcaf3fc7d0d76e27b23c4_us_cities.txt",
            "matchStrength": 1.0
          }
        ]
      }
    },
    {
      "domain": "CITY",
      "name": "City - Path",
      "type": "PATH",
      "properties": {
        "paths": [
          {
            "allowPartialMatch": true,
            "caseSensitive": false,
            "fieldValue": "(?i)(?\u003e^(home_?-? ?city|city))",
            "matchStrength": 0.67,
            "matchType": "REGEX",
            "parentValue": ""
          },
          {
            "allowPartialMatch": true,
            "caseSensitive": false,
            "fieldValue": "(?i)(?\u003e^(address_?-? ?city|city|city_?-? ?address))",
            "matchStrength": 0.67,
            "matchType": "REGEX",
            "parentValue": ""
          }
        ],
        "rejectStrength": 0.0
      }
    },
    {
      "domain": "CITY",
      "name": "City - Type",
      "type": "TYPE",
      "properties": {
        "allowedTypes": [
          {
            "minimumLength": 10,
            "typeName": "String"
          }
        ],
        "matchAutoIncrementingColumn": false
      }
    },
    {
      "domain": "COMPANY_NAME",
      "name": "Company Name - List",
      "type": "LIST",
      "properties": {
        "rejectStrength": 0.5,
        "tokenizationDelimiter": " ",
        "tokenizeInput": false,
        "valueLists": [
          {
            "file": "file://f_cd587f081744c732090d52d9dc875528_companies.txt",
            "matchStrength": 1.0
          }
        ]
      }
    },
    {
      "domain": "COMPANY_NAME",
      "name": "Company Name - Path",
      "type": "PATH",
      "properties": {
        "paths": [
          {
            "allowPartialMatch": true,
            "caseSensitive": false,
            "fieldValue": "(?\u003e(comp|company|org|organization|employer)[-_ ]?(name|nm))",
            "matchStrength": 0.67,
            "matchType": "REGEX",
            "parentValue": ""
          }
        ],
        "rejectStrength": 0.0
      }
    },
    {
      "domain": "COMPANY_NAME",
      "name": "Company Name - Type",
      "type": "TYPE",
      "properties": {
        "allowedTypes": [
          {
            "minimumLength": 6,
            "typeName": "String"
          }
        ],
        "matchAutoIncrementingColumn": false
      }
    },
    {
      "domain": "COUNTRY",
      "name": "Country - List",
      "type": "LIST",
      "properties": {
        "rejectStrength": 0.5,
        "tokenizationDelimiter": " ",
        "tokenizeInput": false,
        "valueLists": [
          {
            "file": "file://f_002925e52e18cd2a9fa3fed40096f0d7_countries.txt",
            "matchStrength": 1.0
          }
        ]
      }
    },
    {
      "domain": "COUNTRY",
      "name": "Country - Path",
      "type": "PATH",
      "properties": {
        "paths": [
          {
            "allowPartialMatch": false,
            "caseSensitive": false,
            "fieldValue": "(?i)country",
            "matchStrength": 0.67,
            "matchType": "REGEX",
            "parentValue": ""
          }
        ],
        "rejectStrength": 0.0
      }
    },
    {
      "domain": "COUNTRY",
      "name": "Country - Type",
      "type": "TYPE",
      "properties": {
        "allowedTypes": [
          {
            "minimumLength": 15,
            "typeName": "String"
          }
        ],
        "matchAutoIncrementingColumn": false
      }
    },
    {
      "domain": "COUNTY",
      "name": "County - Path",
      "type": "PATH",
      "properties": {
        "paths": [
          {
            "allowPartialMatch": true,
            "caseSensitive": false,
            "fieldValue": "(?i)(?\u003e(county))",
            "matchStrength": 0.67,
            "matchType": "REGEX",
            "parentValue": ""
          }
        ],
        "rejectStrength": 0.0
      }
    },
    {
      "domain": "COUNTY",
      "name": "County - Type",
      "type": "TYPE",
      "properties": {
        "allowedTypes": [
          {
            "minimumLength": 10,
            "typeName": "String"
          }
        ],
        "matchAutoIncrementingColumn": false
      }
    },
    {
      "domain": "CREDIT CARD",
      "name": "Credit Card Number - Path",
      "type": "PATH",
      "properties": {
        "paths": [
          {
            "allowPartialMatch": true,
            "caseSensitive": false,
            "fieldValue": "(?i)(?\u003e(^cc|credit[ -_]?card)[ -_]?(number|num|nbr|no)?)",
            "matchStrength": 0.67,
            "matchType": "REGEX",
            "parentValue": ""
          },
          {
            "allowPartialMatch": true,
            "caseSensitive": false,
            "fieldValue": "(?i)(?\u003ecard[ -_]?(number|num|nbr|no))",
            "matchStrength": 0.67,
            "matchType": "REGEX",
            "parentValue": ""
          }
        ],
        "rejectStrength": 0.0
      }
    },
    {
      "domain": "CREDIT CARD",
      "name": "Credit Card Number - Regex",
      "type": "REGEX",
      "properties": {
        "dataPatterns": [
          {
            "allowPartialMatch": false,
            "caseSensitive": false,
            "checksumType": "LUHN",
            "dataCleanRegex": "[ -.]",
            "matchStrength": 0.9,
            "regex": "(?:3[47][0-9]{2}[0-9]{6}[0-9]{4})"
          },
          {
            "allowPartialMatch": false,
            "caseSensitive": false,
            "checksumType": "LUHN",
            "dataCleanRegex": "[ -.]",
            "matchStrength": 0.9,
            "regex": "(?:4[0-9]{12}(?:[0-9]{3})?(?:[0-9]{3})?)"
          },
          {
            "allowPartialMatch": false,
            "caseSensitive": false,
            "checksumType": "LUHN",
            "dataCleanRegex": "[ -.]",
            "matchStrength": 0.9,
            "regex": "(?:5[1-5][0-9]{2}|222[1-9]|22[3-9][0-9]|2[3-6][0-9]{2}|27[01][0-9]|2720)[0-9]{12}"
          },
          {
            "allowPartialMatch": false,
            "caseSensitive": false,
            "checksumType": "LUHN",
            "dataCleanRegex": "[ -.]",
            "matchStrength": 0.9,
            "regex": "(?:2131|1800|35[0-9]{3})[0-9]{11}"
          },
          {
            "allowPartialMatch": false,
            "caseSensitive": false,
            "checksumType": "LUHN",
            "dataCleanRegex": "[ -.]",
            "matchStrength": 0.9,
            "regex": "3(?:0[0-5,9]|6[0-9])[0-9]{11}|3[89][0-9]{12}?(?:[0-9]{1,3})?"
          },
          {
            "allowPartialMatch": false,
            "caseSensitive": false,
            "checksumType": "LUHN",
            "dataCleanRegex": "[ -.]",
            "matchStrength": 0.9,
            "regex": "6(?:(011|5[0-9][0-9])[0-9]{2}|4[4-9][0-9]{3}|2212[6-9]|221[3-9][0-9]|22[2-8][0-9]{2}|229[0-1][0-9]|2292[0-5])[0-9]{10}?(?:[0-9]{3})?"
          }
        ],
        "rejectStrength": 0.1
      }
    },
    {
      "domain": "CREDIT CARD",
      "name": "Credit Card Number - Type",
      "type": "TYPE",
      "properties": {
        "allowedTypes": [
          {
            "minimumLength": 15,
            "typeName": "Number"
          },
          {
            "minimumLength": 15,
            "typeName": "String"
          }
        ],
        "matchAutoIncrementingColumn": false
      }
    },
    {
      "domain": "CUSTOMER_NO",
      "name": "Customer Number - Path",
      "type": "PATH",
      "properties": {
        "paths": [
          {
            "allowPartialMatch": true,
            "caseSensitive": false,
            "fieldValue": "(?i)(?\u003e(cust(omer|mr)?) ?_?-?(num(ber)?|nbr|no))",
            "matchStrength": 0.67,
            "matchType": "REGEX",
            "parentValue": ""
          }
        ],
        "rejectStrength": 0.0
      }
    },
    {
      "domain": "CUSTOMER_NO",
      "name": "Customer Number - Type",
      "type": "TYPE",
      "properties": {
        "allowedTypes": [
          {
            "minimumLength": 5,
            "typeName": "String"
          },
          {
            "minimumLength": 5,
            "typeName": "Number"
          }
        ],
        "matchAutoIncrementingColumn": false
      }
    },
    {
      "domain": "DOB",
      "name": "Date of Birth - Path",
      "type": "PATH",
      "properties": {
        "paths": [
          {
            "allowPartialMatch": true,
            "caseSensitive": false,
            "fieldValue": "(?i)(?\u003edob|dtofb|(day|date?|dt)_?-?(of)?_?(birth))",
            "matchStrength": 0.67,
            "matchType": "REGEX",
            "parentValue": ""
          },
          {
            "allowPartialMatch": true,
            "caseSensitive": false,
            "fieldValue": "(?i)(?\u003eb(irth)?_?-? ?(date|day|dt))",
            "matchStrength": 0.67,
            "matchType": "REGEX",
            "parentValue": ""
          }
        ],
        "rejectStrength": 0.0
      }
    },
    {
      "domain": "DOB",
      "name": "Date of Birth - Type",
      "type": "TYPE",
      "properties": {
        "allowedTypes": [
          {
            "minimumLength": 6,
            "typeName": "String"
          },
          {
            "typeName": "Date"
          }
        ],
        "matchAutoIncrementingColumn": false
      }
    },
    {
      "domain": "DEPARTMENT",
      "name": "Department - List",
      "type": "LIST",
      "properties": {
        "rejectStrength": 0.5,
        "tokenizationDelimiter": " ",
        "tokenizeInput": true,
        "valueLists": [
          {
            "file": "file://f_1addac24a60932bf38f054d9f45ba6fd_departments.txt",
            "matchStrength": 1.0
          }
        ]
      }
    },
    {
      "domain": "DEPARTMENT",
      "name": "Department - Path",
      "type": "PATH",
      "properties": {
        "paths": [
          {
            "allowPartialMatch": true,
            "caseSensitive": false,
            "fieldValue": "(?\u003e((dept|depa?rtme?nt)[-_ ]?(name|nm)))",
            "matchStrength": 0.67,
            "matchType": "REGEX",
            "parentValue": ""
          }
        ],
        "rejectStrength": 0.0
      }
    },
    {
      "domain": "DEPARTMENT",
      "name": "Department - Type",
      "type": "TYPE",
      "properties": {
        "allowedTypes": [
          {
            "minimumLength": 5,
            "typeName": "String"
          }
        ],
        "matchAutoIncrementingColumn": false
      }
    },
    {
      "domain": "DRIVING_LC",
      "name": "Drivers License - Path",
      "type": "PATH",
      "properties": {
        "paths": [
          {
            "allowPartialMatch": true,
            "caseSensitive": false,
            "fieldValue": "(?i)(?\u003e(drivers?|lic(ense)?)_?-? ?(number|num|nbr|no))",
            "matchStrength": 0.67,
            "matchType": "REGEX",
            "parentValue": ""
          }
        ],
        "rejectStrength": 0.0
      }
    },
    {
      "domain": "DRIVING_LC",
      "name": "Drivers License - Regex",
      "type": "REGEX",
      "properties": {
        "dataPatterns": [
          {
            "allowPartialMatch": false,
            "caseSensitive": false,
            "checksumType": "NONE",
            "matchStrength": 0.15,
            "note": "One alpha followed by digits (short): AZ 1+8, CA 1+7, HI 1+8, IN 1+9, KS 1+8, MA 1+9, MO 1+5..9, MT 1+9, NE 1+6..8, NV 1+8, OH 1+4..8, OK 1+9, OR 1+6..7, RI 1+6, UT 4-10, VA 1+8..11, VT 1+8, WV 1+6",
            "regex": "[A-Z][0-9]{4,9}"
          },
          {
            "allowPartialMatch": false,
            "caseSensitive": false,
            "checksumType": "NONE",
            "matchStrength": 0.3,
            "note": "One alpha followed by digits (long): FL 1+12, MD 1+12, MI 1+12, MN 1+12, NJ 1+14, UT 4-10, VA 1+8..11",
            "regex": "[A-Z][0-9]{10,14}"
          },
          {
            "allowPartialMatch": false,
            "caseSensitive": false,
            "checksumType": "NONE",
            "dataCleanRegex": "[-]",
            "matchStrength": 0.15,
            "note": "One alpha followed by digits with dashes (short): KS 1+8, KY 1+8, VA 1+8..11",
            "regex": "[A-Z][0-9]{8,9}"
          },
          {
            "allowPartialMatch": false,
            "caseSensitive": false,
            "checksumType": "NONE",
            "dataCleanRegex": "[-]",
            "matchStrength": 0.3,
            "note": "One alpha followed by digits with dashes (long): FL 1+12, IL 1+11 or 1+12, MD 1+12, MN 1+12, VA 1+8..11, WI 1+13",
            "regex": "[A-Z][0-9]{10,13}"
          },
          {
            "allowPartialMatch": false,
            "caseSensitive": false,
            "checksumType": "NONE",
            "matchStrength": 0.2,
            "note": "Two alpha followed by digits: OH 2+3..7, WV 2+7",
            "regex": "[A-Z]{2}[0-9]{3,7}"
          },
          {
            "allowPartialMatch": false,
            "caseSensitive": false,
            "checksumType": "NONE",
            "matchStrength": 0.2,
            "note": "Digits followed by alpha: ME 7+1, MO 8+2 or 9+1, VT 7+1",
            "regex": "[0-9]{7}[A-Z]|[0-9]{8}[A-Z]{2}|[0-9]{9}[A-Z]"
          },
          {
            "allowPartialMatch": false,
            "caseSensitive": false,
            "checksumType": "NONE",
            "matchStrength": 0.1,
            "note": "Digits and spaces: NM 3-3-3, NY 3-3-3, PA 2-3-3",
            "regex": "[0-9]{2,3} [0-9]{3} [0-9]{3}"
          },
          {
            "allowPartialMatch": false,
            "caseSensitive": false,
            "checksumType": "NONE",
            "matchStrength": 0.3,
            "note": "Digit-alpha-digit: IA 3+2+4, NH 2+3+5",
            "regex": "[0-9]{3}[A-Z]{2}[0-9]{4}|[0-9]{2}[A-Z]{3}[0-9]{5}"
          },
          {
            "allowPartialMatch": false,
            "caseSensitive": false,
            "checksumType": "NONE",
            "matchStrength": 0.0,
            "note": "Digits only: AL 7-8, AK 7, AZ 9, AR 9, CT 9, DE 7, DC 7, GA 9, HI 9, IA 9, LA 8, ME 7-8, MA 9, M0 9, MT 9 or 13-14, NV 9-10 or 12, NY 9, NM 8-9, NC 1-12, ND 9, OH 8, OK 9, RI 7, SC 5-11, SD 6-10 or 12, TN 7-9, TX 7-8, VA 9, WV 7, WY 9",
            "regex": "([0-9]{6,14})"
          },
          {
            "allowPartialMatch": false,
            "caseSensitive": false,
            "checksumType": "NONE",
            "matchStrength": 0.1,
            "note": "CO",
            "regex": "[0-9]{2}-[0-9]{3}-[0-9]{4}"
          },
          {
            "allowPartialMatch": false,
            "caseSensitive": false,
            "checksumType": "NONE",
            "matchStrength": 0.3,
            "note": "ID",
            "regex": "[A-Z]{2}[0-9]{6}[A-Z]"
          },
          {
            "allowPartialMatch": false,
            "caseSensitive": false,
            "checksumType": "NONE",
            "matchStrength": 0.1,
            "note": "IN",
            "regex": "[0-9]{2}-[0-9]{4}-[0-9]{4}"
          },
          {
            "allowPartialMatch": false,
            "caseSensitive": false,
            "checksumType": "NONE",
            "matchStrength": 0.5,
            "note": "MA - SA + 7 digits",
            "regex": "SA[0-9]{7}"
          },
          {
            "allowPartialMatch": false,
            "caseSensitive": false,
            "checksumType": "NONE",
            "matchStrength": 0.5,
            "note": "MI - 1 alpha + 12 digits with spaces",
            "regex": "[A-Z]( [0-9]{3}){4}"
          },
          {
            "allowPartialMatch": false,
            "caseSensitive": false,
            "checksumType": "NONE",
            "matchStrength": 0.0,
            "note": "MS - looks just like SSN with dashes",
            "regex": "([0-9]{3}-[0-9]{2}-[0-9]{4})"
          },
          {
            "allowPartialMatch": false,
            "caseSensitive": false,
            "checksumType": "NONE",
            "matchStrength": 0.3,
            "note": "MO - not covered elsewhere",
            "regex": "[0-9]{3}[A-Z][0-9]{6}|[A-Z][0-9]{6}R"
          },
          {
            "allowPartialMatch": false,
            "caseSensitive": false,
            "checksumType": "NONE",
            "matchStrength": 0.5,
            "note": "NH - NHL + 8 digits",
            "regex": "NHL[0-9]{8}"
          },
          {
            "allowPartialMatch": false,
            "caseSensitive": false,
            "checksumType": "NONE",
            "matchStrength": 0.3,
            "note": "ND - 3 letters, 6 digits with spaces",
            "regex": "[A-Z]{3} ?[0-9]{2} ?[0-9]{4}"
          },
          {
            "allowPartialMatch": false,
            "caseSensitive": false,
            "checksumType": "NONE",
            "dataCleanRegex": "[-]",
            "matchStrength": 0.4,
            "note": "NJ 1 alpha + 14 digits with spaces",
            "regex": "[A-Z][0-9]{4} [0-9]{5} [0-9]{5}"
          },
          {
            "allowPartialMatch": false,
            "caseSensitive": false,
            "checksumType": "NONE",
            "matchStrength": 0.0,
            "note": "WA - old - very broad will match any 12 position alpha string",
            "regex": "[A-Z]([A-Z]{4}|[A-Z]{3}[*]|[A-Z]{2}[*]{2}|[A-Z]{1}[*]{3})[A-Z]{2}[0-9A-Z]{5}"
          },
          {
            "allowPartialMatch": false,
            "caseSensitive": false,
            "checksumType": "NONE",
            "matchStrength": 0.3,
            "note": "WA - new",
            "regex": "WDL[0-9A-Z]{9}"
          },
          {
            "allowPartialMatch": false,
            "caseSensitive": false,
            "checksumType": "NONE",
            "matchStrength": 0.1,
            "note": "WY - 9 digits with a dash",
            "regex": "[0-9]{6}-[0-9]{3}"
          }
        ],
        "rejectStrength": 0.75
      }
    },
    {
      "domain": "DRIVING_LC",
      "name": "Drivers License - Type",
      "type": "TYPE",
      "properties": {
        "allowedTypes": [
          {
            "minimumLength": 10,
            "typeName": "Number"
          },
          {
            "minimumLength": 10,
            "typeName": "String"
          }
        ],
        "matchAutoIncrementingColumn": false
      }
    },
    {
      "domain": "ETHNICITY",
      "name": "Ethnicity - List",
      "type": "LIST",
      "properties": {
        "rejectStrength": 0.5,
        "tokenizationDelimiter": " ",
        "tokenizeInput": false,
        "valueLists": [
          {
            "file": "file://f_8a206c89c7f659d1562f8a996fd5bc86_ethnicities.txt",
            "matchStrength": 1.0
          }
        ]
      }
    },
    {
      "domain": "ETHNICITY",
      "name": "Ethnicity - Path",
      "type": "PATH",
      "properties": {
        "paths": [
          {
            "allowPartialMatch": true,
            "caseSensitive": false,
            "fieldValue": "(?\u003eethnicity|ethnicities|^race)",
            "matchStrength": 0.67,
            "matchType": "REGEX",
            "parentValue": ""
          }
        ],
        "rejectStrength": 0.0
      }
    },
    {
      "domain": "ETHNICITY",
      "name": "Ethnicity - Type",
      "type": "TYPE",
      "properties": {
        "allowedTypes": [
          {
            "minimumLength": 7,
            "typeName": "String"
          }
        ],
        "matchAutoIncrementingColumn": false
      }
    },
    {
      "domain": "FIRST_NAME",
      "name": "First Name - List",
      "type": "LIST",
      "properties": {
        "rejectStrength": 0.5,
        "tokenizationDelimiter": " ",
        "tokenizeInput": false,
        "valueLists": [
          {
            "file": "file://f_d3ffe24bbfe694c4b5f893f4ee252684_us_first.txt",
            "matchStrength": 1.0
          },
          {
            "file": "file://f_2840fa31e4bb76c3d1f86702c5a6bd77_de_first.txt",
            "matchStrength": 1.0
          },
          {
            "file": "file://f_511938482ac48dbe9309d40663d78638_ch_first.txt",
            "matchStrength": 1.0
          }
        ]
      }
    },
    {
      "domain": "FIRST_NAME",
      "name": "First Name - Path",
      "type": "PATH",
      "properties": {
        "paths": [
          {
            "allowPartialMatch": true,
            "caseSensitive": false,
            "fieldValue": "(?i)(?\u003e(mid(dle)?_?-? ?(na?me?))(_?-?user)?)",
            "matchStrength": 0.67,
            "matchType": "REGEX",
            "parentValue": ""
          },
          {
            "allowPartialMatch": true,
            "caseSensitive": false,
            "fieldValue": "(?i)(?\u003e(f(irst)?_?-? ?(na?me?))(_?-?user)?)",
            "matchStrength": 0.67,
            "matchType": "REGEX",
            "parentValue": ""
          }
        ],
        "rejectStrength": 0.0
      }
    },
    {
      "domain": "FIRST_NAME",
      "name": "First Name - Type",
      "type": "TYPE",
      "properties": {
        "allowedTypes": [
          {
            "minimumLength": 10,
            "typeName": "String"
          }
        ],
        "matchAutoIncrementingColumn": false
      }
    },
    {
      "domain": "FULL_NAME",
      "name": "Full Name - Path",
      "type": "PATH",
      "properties": {
        "paths": [
          {
            "allowPartialMatch": true,
            "caseSensitive": false,
            "fieldValue": "(?i)(?\u003e((fu?l?l|whole|user)([-_ ]*)?(na?me?)))",
            "matchStrength": 0.67,
            "matchType": "REGEX",
            "parentValue": ""
          }
        ],
        "rejectStrength": 0.0
      }
    },
    {
      "domain": "FULL_NAME",
      "name": "Full Name - Type",
      "type": "TYPE",
      "properties": {
        "allowedTypes": [
          {
            "minimumLength": 20,
            "typeName": "String"
          }
        ],
        "matchAutoIncrementingColumn": false
      }
    },
    {
      "domain": "GENDER",
      "name": "Gender - List",
      "type": "LIST",
      "properties": {
        "rejectStrength": 0.1,
        "tokenizationDelimiter": " ",
        "tokenizeInput": false,
        "valueLists": [
          {
            "file": "file://f_f858ca3c43dcdcc8b4b355ff1a8ce00d_genders.txt",
            "matchStrength": 0.9
          }
        ]
      }
    },
    {
      "domain": "GENDER",
      "name": "Gender - Path",
      "type": "PATH",
      "properties": {
        "paths": [
          {
            "allowPartialMatch": true,
            "caseSensitive": false,
            "fieldValue": "(?i)(?\u003e(ge?nde?r|sex)[-_ ]?(type|identity)?)($|[-_ ])",
            "matchStrength": 0.67,
            "matchType": "REGEX",
            "parentValue": ""
          }
        ],
        "rejectStrength": 0.0
      }
    },
    {
      "domain": "GENDER",
      "name": "Gender - Type",
      "type": "TYPE",
      "properties": {
        "allowedTypes": [
          {
            "minimumLength": 5,
            "typeName": "String"
          }
        ],
        "matchAutoIncrementingColumn": false
      }
    },
    {
      "domain": "HIPAA_DATE",
      "name": "HIPAA Date - Path",
      "type": "PATH",
      "properties": {
        "paths": [
          {
            "allowPartialMatch": true,
            "caseSensitive": false,
            "fieldValue": "(?i)(?\u003e(adm(it|ission)?|tr(ea)?t(ment)?_?-?|ds|disc(h|harge))-?_? ?(date|day|dt))",
            "matchStrength": 0.67,
            "matchType": "REGEX",
            "parentValue": ""
          }
        ],
        "rejectStrength": 0.0
      }
    },
    {
      "domain": "HIPAA_DATE",
      "name": "HIPAA Date - Type",
      "type": "TYPE",
      "properties": {
        "allowedTypes": [
          {
            "minimumLength": 6,
            "typeName": "String"
          },
          {
            "typeName": "Date"
          }
        ],
        "matchAutoIncrementingColumn": false
      }
    },
    {
      "domain": "HOUSE_NO",
      "name": "House Number - Path",
      "type": "PATH",
      "properties": {
        "paths": [
          {
            "allowPartialMatch": true,
            "caseSensitive": false,
            "fieldValue": "(?\u003e(house?|plot)[_ -]?(number|num|nbr|no|id))",
            "matchStrength": 0.67,
            "matchType": "REGEX",
            "parentValue": ""
          }
        ],
        "rejectStrength": 0.0
      }
    },
    {
      "domain": "HOUSE_NO",
      "name": "House Number - Type",
      "type": "TYPE",
      "properties": {
        "allowedTypes": [
          {
            "minimumLength": 1,
            "typeName": "String"
          },
          {
            "minimumLength": 1,
            "typeName": "Number"
          }
        ],
        "matchAutoIncrementingColumn": false
      }
    },
    {
      "domain": "IBAN",
      "name": "IBAN - Path",
      "type": "PATH",
      "properties": {
        "paths": [
          {
            "allowPartialMatch": true,
            "caseSensitive": false,
            "fieldValue": "(?\u003e(^|[-_ ])iban|(international|int|intl)[-_ ]?bank[-_ ]?acc(ount)?[-_ ]?(number|num|nbr|no))",
            "matchStrength": 0.67,
            "matchType": "REGEX",
            "parentValue": ""
          }
        ],
        "rejectStrength": 0.0
      }
    },
    {
      "domain": "IBAN",
      "name": "IBAN - Regex",
      "type": "REGEX",
      "properties": {
        "dataPatterns": [
          {
            "allowPartialMatch": false,
            "caseSensitive": false,
            "checksumType": "MOD97",
            "matchStrength": 0.9,
            "note": "Fetched from: \u0027https://www.swift.com/standards/data-standards/iban-international-bank-account-number\u0027, List of countries in order for regex formats listed below: Andorra, United Arab Emirates (The), Albania, Austria, Azerbaijan, Bosnia and Herzegovina, Belgium, Bulgaria, Bahrain, Burundi, Brazil, Republic of Belarus, Switzerland, Costa Rica, Cyprus, Czechia, Germany, Djibouti, Denmark, Dominican Republic, Estonia, Egypt, Spain, Finland, Faroe Islands, France, United Kingdom, Georgia, Gibraltar, Greenland, Greece, Guatemala, Croatia, Hungary, Ireland, Israel, Iraq, Iceland, Italy, Jordan, Kuwait, Kazakhstan, Lebanon, Saint Lucia, Liechtenstein, Lithuania, Luxembourg, Latvia, Libya, Monaco, Moldova, Montenegro, Macedonia, Mauritania, Malta, Mauritius, Netherlands, Norway, Pakistan, Poland, Palestine, State of, Portugal, Qatar, Romania, Serbia, Russia, Saudi Arabia, Seychelles, Sudan, Sweden, Slovenia, Slovakia, San Marino, Somalia, Sao Tome and Principe, El Salvador, Timor-Leste, Tunisia, Turkey, Ukraine, Vatican City State, Virgin Islands, Kosovo",
            "regex": "(AD[0-9]{10}[A-Z0-9]{12})|(AE[0-9]{21})|(AL[0-9]{10}[A-Z0-9]{16})|(AT[0-9]{18})|(AZ[0-9]{2}[A-Z]{4}[A-Z0-9]{20})|(BA[0-9]{18})|(BE[0-9]{14})|(BG[0-9]{2}[A-Z]{4}[0-9]{6}[A-Z0-9]{8})|(BH[0-9]{2}[A-Z]{4}[A-Z0-9]{14})|(BI[0-9]{25})|(BR[0-9]{25}[A-Z]{1}[A-Z0-9]{1})|(BY[0-9]{2}[A-Z0-9]{4}[0-9]{4}[A-Z0-9]{16})|(CH[0-9]{7}[A-Z0-9]{12})|(CR[0-9]{20})|(CY[0-9]{10}[A-Z0-9]{16})|(CZ[0-9]{22})|(DE[0-9]{20})|(DJ[0-9]{25})|(DK[0-9]{16})|(DO[0-9]{2}[A-Z0-9]{4}[0-9]{20})|(EE[0-9]{18})|(EG[0-9]{27})|(ES[0-9]{22})|(FI[0-9]{16})|(FO[0-9]{16})|(FR[0-9]{12}[A-Z0-9]{11}[0-9]{2})|(GB[0-9]{2}[A-Z]{4}[0-9]{14})|(GE[0-9]{2}[A-Z]{2}[0-9]{16})|(GI[0-9]{2}[A-Z]{4}[A-Z0-9]{15})|(GL[0-9]{16})|(GR[0-9]{9}[A-Z0-9]{16})|(GT[0-9]{2}[A-Z0-9]{24})|(HR[0-9]{19})|(HU[0-9]{26})|(IE[0-9]{2}[A-Z]{4}[0-9]{14})|(IL[0-9]{21})|(IQ[0-9]{2}[A-Z]{4}[0-9]{15})|(IS[0-9]{24})|(IT[0-9]{2}[A-Z]{1}[0-9]{10}[A-Z0-9]{12})|(JO[0-9]{2}[A-Z]{4}[0-9]{4}[A-Z0-9]{18})|(KW[0-9]{2}[A-Z]{4}[A-Z0-9]{22})|(KZ[0-9]{5}[A-Z0-9]{13})|(LB[0-9]{6}[A-Z0-9]{20})|(LC[0-9]{2}[A-Z]{4}[A-Z0-9]{24})|(LI[0-9]{7}[A-Z0-9]{12})|(LT[0-9]{18})|(LU[0-9]{5}[A-Z0-9]{13})|(LV[0-9]{2}[A-Z]{4}[A-Z0-9]{13})|(LY[0-9]{23})|(MC[0-9]{12}[A-Z0-9]{11}[0-9]{2})|(MD[0-9]{2}[A-Z0-9]{20})|(ME[0-9]{20})|(MK[0-9]{5}[A-Z0-9]{10}[0-9]{2})|(MR[0-9]{25})|(MT[0-9]{2}[A-Z]{4}[0-9]{5}[A-Z0-9]{18})|(MU[0-9]{2}[A-Z]{4}[0-9]{19}[A-Z]{3})|(NL[0-9]{2}[A-Z]{4}[0-9]{10})|(NO[0-9]{13})|(PK[0-9]{2}[A-Z]{4}[A-Z0-9]{16})|(PL[0-9]{26})|(PS[0-9]{2}[A-Z]{4}[A-Z0-9]{21})|(PT[0-9]{23})|(QA[0-9]{2}[A-Z]{4}[A-Z0-9]{21})|(RO[0-9]{2}[A-Z]{4}[A-Z0-9]{16})|(RS[0-9]{20})|(RU[0-9]{31})|(SA[0-9]{4}[A-Z0-9]{18})|(SC[0-9]{2}[A-Z]{4}[0-9]{20}[A-Z]{3})|(SD[0-9]{16})|(SE[0-9]{22})|(SI[0-9]{17})|(SK[0-9]{22})|(SM[0-9]{2}[A-Z]{1}[0-9]{10}[A-Z0-9]{12})|(SO[0-9]{21})|(ST[0-9]{23})|(SV[0-9]{2}[A-Z]{4}[0-9]{20})|(TL[0-9]{21})|(TN[0-9]{22})|(TR[0-9]{8}[A-Z0-9]{16})|(UA[0-9]{8}[A-Z0-9]{19})|(VA[0-9]{20})|(VG[0-9]{2}[A-Z]{4}[0-9]{16})|(XK[0-9]{18})"
          }
        ],
        "rejectStrength": 0.1
      }
    },
    {
      "domain": "IBAN",
      "name": "IBAN - Type",
      "type": "TYPE",
      "properties": {
        "allowedTypes": [
          {
            "minimumLength": 15,
            "typeName": "String"
          }
        ],
        "matchAutoIncrementingColumn": false
      }
    },
    {
      "domain": "IP ADDRESS",
      "name": "IP Address - Path",
      "type": "PATH",
      "properties": {
        "paths": [
          {
            "allowPartialMatch": true,
            "caseSensitive": false,
            "fieldValue": "(?i)(?\u003e(ip_?-? ?addre?s?s?))",
            "matchStrength": 0.67,
            "matchType": "REGEX",
            "parentValue": ""
          }
        ],
        "rejectStrength": 0.0
      }
    },
    {
      "domain": "IP ADDRESS",
      "name": "IP Address - Regex",
      "type": "REGEX",
      "properties": {
        "dataPatterns": [
          {
            "allowPartialMatch": false,
            "caseSensitive": false,
            "checksumType": "NONE",
            "matchStrength": 0.9,
            "note": "IPv4",
            "regex": "(?\u003e((25[0-5]|2[0-4][0-9]|[01]?[0-9][0-9]?)\\.){3}(25[0-5]|2[0-4][0-9]|[01]?[0-9][0-9]?))"
          },
          {
            "allowPartialMatch": false,
            "caseSensitive": false,
            "checksumType": "NONE",
            "matchStrength": 0.9,
            "note": "IPv6 standard addresses",
            "regex": "(?\u003e([A-F0-9]{0,4}:){2,7}[A-F0-9]{0,4})"
          },
          {
            "allowPartialMatch": false,
            "caseSensitive": false,
            "checksumType": "NONE",
            "matchStrength": 0.9,
            "note": "IPv6 dual addresses",
            "regex": "(?\u003e(([A-F0-9]{0,4}:){2,6})((25[0-5]|2[0-4][0-9]|[01]?[0-9][0-9]?)\\.){3}(25[0-5]|2[0-4][0-9]|[01]?[0-9][0-9]?))"
          }
        ],
        "rejectStrength": 0.1
      }
    },
    {
      "domain": "IP ADDRESS",
      "name": "IP Address - Type",
      "type": "TYPE",
      "properties": {
        "allowedTypes": [
          {
            "minimumLength": 10,
            "typeName": "String"
          }
        ],
        "matchAutoIncrementingColumn": false
      }
    },
    {
      "domain": "JOB_TITLE",
      "name": "Job Title - List",
      "type": "LIST",
      "properties": {
        "rejectStrength": 0.5,
        "tokenizationDelimiter": " ",
        "tokenizeInput": false,
        "valueLists": [
          {
            "file": "file://f_70eb661ffc10e880f19549d1911b6ba6_job_titles.txt",
            "matchStrength": 1.0
          }
        ]
      }
    },
    {
      "domain": "JOB_TITLE",
      "name": "Job Title - Path",
      "type": "PATH",
      "properties": {
        "paths": [
          {
            "allowPartialMatch": true,
            "caseSensitive": false,
            "fieldValue": "(?\u003e(job)[-_ ]?(title[-_ ])?(name|nm)|job[-_ ]?title|title[-_ ]?(name|nm))",
            "matchStrength": 0.67,
            "matchType": "REGEX",
            "parentValue": ""
          }
        ],
        "rejectStrength": 0.0
      }
    },
    {
      "domain": "JOB_TITLE",
      "name": "Job Title - Type",
      "type": "TYPE",
      "properties": {
        "allowedTypes": [
          {
            "minimumLength": 7,
            "typeName": "String"
          }
        ],
        "matchAutoIncrementingColumn": false
      }
    },
    {
      "domain": "LANGUAGE",
      "name": "Language - List",
      "type": "LIST",
      "properties": {
        "rejectStrength": 0.5,
        "tokenizationDelimiter": " ",
        "tokenizeInput": false,
        "valueLists": [
          {
            "file": "file://f_ac98f3186bde62105b3a2876bde46984_languages.txt",
            "matchStrength": 1.0
          }
        ]
      }
    },
    {
      "domain": "LANGUAGE",
      "name": "Language - Path",
      "type": "PATH",
      "properties": {
        "paths": [
          {
            "allowPartialMatch": true,
            "caseSensitive": false,
            "fieldValue": "(?\u003ela?nguage)",
            "matchStrength": 0.67,
            "matchType": "REGEX",
            "parentValue": ""
          }
        ],
        "rejectStrength": 0.0
      }
    },
    {
      "domain": "LANGUAGE",
      "name": "Language - Type",
      "type": "TYPE",
      "properties": {
        "allowedTypes": [
          {
            "minimumLength": 7,
            "typeName": "String"
          }
        ],
        "matchAutoIncrementingColumn": false
      }
    },
    {
      "domain": "LAST_NAME",
      "name": "Last Name - List",
      "type": "LIST",
      "properties": {
        "rejectStrength": 0.5,
        "tokenizationDelimiter": " ",
        "tokenizeInput": false,
        "valueLists": [
          {
            "file": "file://f_91240de870b5d96174af69480a635d39_us_last.txt",
            "matchStrength": 1.0
          },
          {
            "file": "file://f_dd9659c3aa66067fef7c8cb9aef9a107_de_last.txt",
            "matchStrength": 1.0
          },
          {
            "file": "file://f_a9295bc130d0d21de9eea94fcda8c471_ch_last.txt",
            "matchStrength": 1.0
          }
        ]
      }
    },
    {
      "domain": "LAST_NAME",
      "name": "Last Name - Path",
      "type": "PATH",
      "properties": {
        "paths": [
          {
            "allowPartialMatch": true,
            "caseSensitive": false,
            "fieldValue": "(?i)(?\u003e((l(as)?t)_?-? ?(na?me?))(_?-?user)?)",
            "matchStrength": 0.67,
            "matchType": "REGEX",
            "parentValue": ""
          },
          {
            "allowPartialMatch": true,
            "caseSensitive": false,
            "fieldValue": "(?i)(?\u003e(sur) ?_?-? ?(name)?_?-? ?(no|id|str|value|))",
            "matchStrength": 0.67,
            "matchType": "REGEX",
            "parentValue": ""
          }
        ],
        "rejectStrength": 0.0
      }
    },
    {
      "domain": "LAST_NAME",
      "name": "Last Name - Type",
      "type": "TYPE",
      "properties": {
        "allowedTypes": [
          {
            "minimumLength": 10,
            "typeName": "String"
          }
        ],
        "matchAutoIncrementingColumn": false
      }
    },
    {
      "domain": "PLATE_NO",
      "name": "License Plate - Path",
      "type": "PATH",
      "properties": {
        "paths": [
          {
            "allowPartialMatch": true,
            "caseSensitive": false,
            "fieldValue": "(?i)(?\u003e(license|li?c)?[-_ ]?plate[-_ ]?(number|num|nbr|no)?)",
            "matchStrength": 0.67,
            "matchType": "REGEX",
            "parentValue": ""
          }
        ],
        "rejectStrength": 0.0
      }
    },
    {
      "domain": "PLATE_NO",
      "name": "License Plate - Type",
      "type": "TYPE",
      "properties": {
        "allowedTypes": [
          {
            "minimumLength": 1,
            "typeName": "String"
          }
        ],
        "matchAutoIncrementingColumn": false
      }
    },
    {
      "domain": "LOCATION_COORDINATES",
      "name": "Location Coordinates - Path",
      "type": "PATH",
      "properties": {
        "paths": [
          {
            "allowPartialMatch": true,
            "caseSensitive": false,
            "fieldValue": "(?i)(?\u003e((map|geographica?l?|areal|location|lat(itude)?|lo?ng(itude)?)[-_ ]?(co-?o?rd(inates?)?)|(latitude|longitude|co-?o?rdinates?)([-_ ]value)?))",
            "matchStrength": 0.67,
            "matchType": "REGEX",
            "parentValue": ""
          }
        ],
        "rejectStrength": 0.0
      }
    },
    {
      "domain": "LOCATION_COORDINATES",
      "name": "Location Coordinates - Regex",
      "type": "REGEX",
      "properties": {
        "dataPatterns": [
          {
            "allowPartialMatch": false,
            "caseSensitive": false,
            "checksumType": "NONE",
            "matchStrength": 0.9,
            "note": "Latitude and Longitude in decimal degrees format",
            "regex": "(?!^[+-]?\\d+[. ]\\d+([. ]\\d+)?$)(?:[+-]?([1-8]?[0-9])[. °](\\d{4,8})°?[NS]?,? ?)?[+-]?([1-9]?[0-9]|1[0-7][0-9])[. °](\\d{4,8})°?[NEWS]?"
          },
          {
            "allowPartialMatch": false,
            "caseSensitive": false,
            "checksumType": "NONE",
            "matchStrength": 0.05,
            "note": "Latitude or Longitude in decimal degrees format (float value format with low confidence)",
            "regex": "(?:[+-]?([1-9]?[0-9]|1[0-7][0-9])[. ]\\d{4,8})"
          },
          {
            "allowPartialMatch": false,
            "caseSensitive": false,
            "checksumType": "NONE",
            "matchStrength": 0.9,
            "note": "Latitude \u0026 longitude in degrees \u0026 minutes format",
            "regex": "(?:[+-]?([1-8]?[0-9])[. °]([0-5]?[0-9])\\.(\\d{3,4})(?:\u0027|′)?[NS]?,? ?)?[+-]?([1-9]?[0-9]|1[0-7][0-9])[. °]([0-5]?[0-9])\\.(\\d{3,4})(?:\u0027|′)?[NEWS]?"
          },
          {
            "allowPartialMatch": false,
            "caseSensitive": false,
            "checksumType": "NONE",
            "matchStrength": 0.9,
            "note": "Latitude and Longitude in degrees, minutes \u0026 seconds format",
            "regex": "(?:[+-]?([1-8]?[0-9])[. °]([0-5]?[0-9])(?:\u0027|′)([0-5]?[0-9])(\\.\\d{1,2})?(?:\"|″)[NS]?,? ?)?[+-]?([1-9]?[0-9]|1[0-7][0-9])[. °]([0-5]?[0-9])(?:\u0027|′)([0-5]?[0-9])(\\.\\d{1,2})?(?:\"|″)[NEWS]?"
          }
        ],
        "rejectStrength": 0.1
      }
    },
    {
      "domain": "LOCATION_COORDINATES",
      "name": "Location Coordinates - Type",
      "type": "TYPE",
      "properties": {
        "allowedTypes": [
          {
            "minimumLength": 8,
            "typeName": "String"
          },
          {
            "minimumLength": 8,
            "typeName": "Number"
          }
        ],
        "matchAutoIncrementingColumn": false
      }
    },
    {
      "domain": "MARITAL_STATUS",
      "name": "Marital Status - List",
      "type": "LIST",
      "properties": {
        "rejectStrength": 0.5,
        "tokenizationDelimiter": " ",
        "tokenizeInput": false,
        "valueLists": [
          {
            "file": "file://f_ad4c736eae161cdae8f73bd9e26ad935_marital_status.txt",
            "matchStrength": 1.0
          }
        ]
      }
    },
    {
      "domain": "MARITAL_STATUS",
      "name": "Marital Status - Path",
      "type": "PATH",
      "properties": {
        "paths": [
          {
            "allowPartialMatch": true,
            "caseSensitive": false,
            "fieldValue": "(?\u003e(marital|marriage|married)[-_ ]?sta?tu?s)",
            "matchStrength": 0.67,
            "matchType": "REGEX",
            "parentValue": ""
          }
        ],
        "rejectStrength": 0.0
      }
    },
    {
      "domain": "MARITAL_STATUS",
      "name": "Marital Status - Type",
      "type": "TYPE",
      "properties": {
        "allowedTypes": [
          {
            "minimumLength": 6,
            "typeName": "String"
          }
        ],
        "matchAutoIncrementingColumn": false
      }
    },
    {
      "domain": "MEDICAL_CODES",
      "name": "Medical Codes - Path",
      "type": "PATH",
      "properties": {
        "paths": [
          {
            "allowPartialMatch": true,
            "caseSensitive": false,
            "fieldValue": "(?\u003e(med(ica?l)?|(med(ica?l)?|hosp(ita?l)?)[-_ ]?(condition|cond|procedure|proc|bill(ing)?|diag(nosis)?|diagnostic|pcs|cpt))[-_ ]?(code|cd))",
            "matchStrength": 0.67,
            "matchType": "REGEX",
            "parentValue": ""
          },
          {
            "allowPartialMatch": true,
            "caseSensitive": false,
            "fieldValue": "(?\u003e(^|[-_ ])(icd[-_ ]?(9|10|11)?[-_ ]?(cm|pcs)?|cpt)[-_ ]?(code|cd)?)",
            "matchStrength": 0.67,
            "matchType": "REGEX",
            "parentValue": ""
          }
        ],
        "rejectStrength": 0.0
      }
    },
    {
      "domain": "MEDICAL_CODES",
      "name": "Medical Codes - Regex",
      "type": "REGEX",
      "properties": {
        "dataPatterns": [
          {
            "allowPartialMatch": false,
            "caseSensitive": false,
            "checksumType": "NONE",
            "matchStrength": 0.05,
            "note": "ICD-9 codes: Legacy medical disease and diagnostic codes used world-wide",
            "regex": "\\d{3}\\.\\d{0,2}|E\\d{3}\\.?\\d?|V\\d{2}\\.?\\d{0,2}"
          },
          {
            "allowPartialMatch": false,
            "caseSensitive": false,
            "checksumType": "NONE",
            "matchStrength": 0.15,
            "note": "ICD-10-CM codes: Newer medical disease and diagnostic codes used world-wide",
            "regex": "[A-Z][0-9][0-9AB]\\.?[0-9A-Z]{0,4}"
          },
          {
            "allowPartialMatch": false,
            "caseSensitive": false,
            "checksumType": "NONE",
            "matchStrength": 0.05,
            "note": "ICD-10-PCS (Procedure Coding System) codes: Medical inpatient procedure codes used world-wide.",
            "regex": "[0-9A-HJ-NP-Z]{7}"
          },
          {
            "allowPartialMatch": false,
            "caseSensitive": false,
            "checksumType": "NONE",
            "matchStrength": 0.2,
            "note": "CPT (Current Procedural Terminology) codes (end with alpha regex): Medical procedure codes used mainly in USA and a few handful of countries.",
            "regex": "[0-9]{4}[A-Z]"
          },
          {
            "allowPartialMatch": false,
            "caseSensitive": false,
            "checksumType": "NONE",
            "matchStrength": 0.05,
            "note": "CPT (Current Procedural Terminology) codes (no alpha regex): Medical procedure codes used mainly in USA and a few handful of countries.",
            "regex": "[0-9]{4}[0-9]"
          }
        ],
        "rejectStrength": 0.1
      }
    },
    {
      "domain": "MEDICAL_CODES",
      "name": "Medical Codes - Type",
      "type": "TYPE",
      "properties": {
        "allowedTypes": [
          {
            "minimumLength": 3,
            "typeName": "String"
          },
          {
            "minimumLength": 3,
            "typeName": "Number"
          }
        ],
        "matchAutoIncrementingColumn": false
      }
    },
    {
      "domain": "MEDICAL_DRUG",
      "name": "Medical Drug - List",
      "type": "LIST",
      "properties": {
        "rejectStrength": 0.5,
        "tokenizationDelimiter": " ",
        "tokenizeInput": true,
        "valueLists": [
          {
            "file": "file://f_a3fb7428c0cc7a2013a5ae04e9f66706_medical_drugs_generic.txt",
            "matchStrength": 1.0
          },
          {
            "file": "file://f_27306cfcf4958499639eb9a110f5bb4e_medical_drugs_brand.txt",
            "matchStrength": 1.0
          }
        ]
      }
    },
    {
      "domain": "MEDICAL_DRUG",
      "name": "Medical Drug - Path",
      "type": "PATH",
      "properties": {
        "paths": [
          {
            "allowPartialMatch": true,
            "caseSensitive": false,
            "fieldValue": "(?\u003e(med|medical|prescription)?[-_ ]?drug([-_ ]?(prescription)?)(name|nm)?|(medicine?|medication)[-_ ]?(name|nm))",
            "matchStrength": 0.67,
            "matchType": "REGEX",
            "parentValue": ""
          }
        ],
        "rejectStrength": 0.0
      }
    },
    {
      "domain": "MEDICAL_DRUG",
      "name": "Medical Drug - Type",
      "type": "TYPE",
      "properties": {
        "allowedTypes": [
          {
            "minimumLength": 6,
            "typeName": "String"
          }
        ],
        "matchAutoIncrementingColumn": false
      }
    },
    {
      "domain": "NATIONAL_ORIGIN",
      "name": "National Origin - List",
      "type": "LIST",
      "properties": {
        "rejectStrength": 0.5,
        "tokenizationDelimiter": " ",
        "tokenizeInput": false,
        "valueLists": [
          {
            "file": "file://f_f6a1c516898d07540c939767840459fb_national_origins.txt",
            "matchStrength": 1.0
          }
        ]
      }
    },
    {
      "domain": "NATIONAL_ORIGIN",
      "name": "National Origin - Path",
      "type": "PATH",
      "properties": {
        "paths": [
          {
            "allowPartialMatch": true,
            "caseSensitive": false,
            "fieldValue": "(?\u003enationa?li?ty|nat(ion)?a?l[-_ ]?(ori?gi?ns?))",
            "matchStrength": 0.67,
            "matchType": "REGEX",
            "parentValue": ""
          }
        ],
        "rejectStrength": 0.0
      }
    },
    {
      "domain": "NATIONAL_ORIGIN",
      "name": "National Origin - Type",
      "type": "TYPE",
      "properties": {
        "allowedTypes": [
          {
            "minimumLength": 2,
            "typeName": "String"
          }
        ],
        "matchAutoIncrementingColumn": false
      }
    },
    {
      "domain": "PASSWORD",
      "name": "Password - Path",
      "type": "PATH",
      "properties": {
        "paths": [
          {
            "allowPartialMatch": true,
            "caseSensitive": false,
            "fieldValue": "(?i)(?\u003e(pass(?!po?rt)) ?_?-??(word)?_?-? ?(word|nbr|no|id|value|))",
            "matchStrength": 0.67,
            "matchType": "REGEX",
            "parentValue": ""
          }
        ],
        "rejectStrength": 0.0
      }
    },
    {
      "domain": "PASSWORD",
      "name": "Password - Type",
      "type": "TYPE",
      "properties": {
        "allowedTypes": [
          {
            "minimumLength": 6,
            "typeName": "String"
          }
        ],
        "matchAutoIncrementingColumn": false
      }
    },
    {
      "domain": "PAYMENT_AMOUNT",
      "name": "Payment Amount - Path",
      "type": "PATH",
      "properties": {
        "paths": [
          {
            "allowPartialMatch": true,
            "caseSensitive": false,
            "fieldValue": "(?i)(?\u003e[-_ ]?(amount|amnt|amt|balance|price)($|[ _-]))",
            "matchStrength": 0.67,
            "matchType": "REGEX",
            "parentValue": ""
          }
        ],
        "rejectStrength": 0.0
      }
    },
    {
      "domain": "PAYMENT_AMOUNT",
      "name": "Payment Amount - Regex",
      "type": "REGEX",
      "properties": {
        "dataPatterns": [
          {
            "allowPartialMatch": false,
            "caseSensitive": false,
            "checksumType": "NONE",
            "matchStrength": 0.9,
            "note": "International currency symbols and abbreviations from: https://wise.com/gb/blog/world-currency-symbols. Regex prefixed with symbol",
            "regex": "((EUR|ALL|BYN|BAM|BGN|HRK|CZK|DKK|HRK|GEL|DKK|HUF|ISK|CHF|MDL|MKD|NOK|PLN|RON|RUB|RSD|SEK|CHF|TRY|UAH|GBP|USD|XCD|AWG|ARS|BSD|BBD|BMD|BZD|BOB|BRL|CAD|KYD|CLP|COP|CRC|CUP|ANG|DOP|FKP|GTQ|GYD|HTG|HNL|JMD|MXN|NIO|PAB|PYG|PEN|ANG|SRD|TTD|UYU|VED|AFN|AMD|AZN|BHD|EUR|GEL|IQD|IRR|ILS|JOD|KWD|LBP|ILS|SYP|AED|ILS|OMR|QAR|SAR|YER|XAF|XOF|DZD|AOA|BWP|BIF|CVE|KMF|CDF|DJF|EGP|ERN|ETB|SZL|GMD|GHS|GNF|KES|LSL|LRD|LYD|MGA|MWK|MUR|MRU|MAD|MZN|NAD|NGN|RWF|STN|SCR|SLL|SOS|ZAR|SSP|SDG|TZS|TND|UGX|USD|AUD|BDT|BTN|BND|KHR|CNY|HKD|IDR|INR|JPY|KZT|KGS|LAK|MOP|MYR|MVR|MNT|MMK|NPR|NZD|KPW|PKR|PHP|SGD|KRW|LKR|TWD|TJS|USD|THB|TMT|UZS|VND|BTC|XBT|ETH|LTC|XMR|XRP|USDT)|(€|L|Br|KM|лв|kn|Kč|kn|₾|ft|kr|Íkr|CHF|L|ден|zł|lei|₽|RSD|CHF|₺|₴|£|\\$|ƒ|B\\$|BZ\\$|Bs|R\\$|CA\\$|CI\\$|₡|CUC\\$|ƒ|RD\\$|FK£|Q|G\\$|G|L|J\\$|C\\$|B/\\.|₲|S/\\.|Sr\\$|TT\\$|\\$U|Bs\\.|؋|֏,դր|₼|\\.د.\\ب|€|ლარი|ع.\\د|﷼|₪|ينار|ك|ل.\\ل|₪|£S|AED|₪|ر.\\ع|ر.\\ق|SR|﷼|FCFA|CFA|دج|Kz|P|FBu|CVE|CF|FC|Fdj|E£|Nkf|Br|L|D|GH₵|FG|KSh|L|LD\\$|LD|Ar|K|₨|UM|DH|MT|N\\$|₦|R₣|Db|SR|Le|Sh\\.So\\.|R|SS£|SDG|TSh|د.\\ت|USh|\\$|A\\$|৳|Nu|B\\$|៛|¥|元|\\$|HK\\$|Rp|₹|₸|som|₭|MOP\\$|RM|MRf|₮|K|Rs|\\$|₩|Rs|₱|S\\$|₩|Rs|NT\\$|TJS|US\\$|฿|m|som|₫|₿|Ξ|Ł|ɱ|XRP|₮))\\s?[+-]?(\\d{1,3}(,\\d{3})*|(\\d+))(\\.\\d{2})?"
          },
          {
            "allowPartialMatch": false,
            "caseSensitive": false,
            "checksumType": "NONE",
            "matchStrength": 0.9,
            "note": "International currency symbols and abbreviations from: https://wise.com/gb/blog/world-currency-symbols. Regex suffixed with symbol",
            "regex": "[+-]?(\\d{1,3}(,\\d{3})*|(\\d+))(\\.\\d{2})?\\s?((EUR|ALL|BYN|BAM|BGN|HRK|CZK|DKK|HRK|GEL|DKK|HUF|ISK|CHF|MDL|MKD|NOK|PLN|RON|RUB|RSD|SEK|CHF|TRY|UAH|GBP|USD|XCD|AWG|ARS|BSD|BBD|BMD|BZD|BOB|BRL|CAD|KYD|CLP|COP|CRC|CUP|ANG|DOP|FKP|GTQ|GYD|HTG|HNL|JMD|MXN|NIO|PAB|PYG|PEN|ANG|SRD|TTD|UYU|VED|AFN|AMD|AZN|BHD|EUR|GEL|IQD|IRR|ILS|JOD|KWD|LBP|ILS|SYP|AED|ILS|OMR|QAR|SAR|YER|XAF|XOF|DZD|AOA|BWP|BIF|CVE|KMF|CDF|DJF|EGP|ERN|ETB|SZL|GMD|GHS|GNF|KES|LSL|LRD|LYD|MGA|MWK|MUR|MRU|MAD|MZN|NAD|NGN|RWF|STN|SCR|SLL|SOS|ZAR|SSP|SDG|TZS|TND|UGX|USD|AUD|BDT|BTN|BND|KHR|CNY|HKD|IDR|INR|JPY|KZT|KGS|LAK|MOP|MYR|MVR|MNT|MMK|NPR|NZD|KPW|PKR|PHP|SGD|KRW|LKR|TWD|TJS|USD|THB|TMT|UZS|VND|BTC|XBT|ETH|LTC|XMR|XRP|USDT)|(€|L|Br|KM|лв|kn|Kč|kn|₾|ft|kr|Íkr|CHF|L|ден|zł|lei|₽|RSD|CHF|₺|₴|£|\\$|ƒ|B\\$|BZ\\$|Bs|R\\$|CA\\$|CI\\$|₡|CUC\\$|ƒ|RD\\$|FK£|Q|G\\$|G|L|J\\$|C\\$|B/\\.|₲|S/\\.|Sr\\$|TT\\$|\\$U|Bs\\.|؋|֏,դր|₼|\\.د.\\ب|€|ლარი|ع.\\د|﷼|₪|ينار|ك|ل.\\ل|₪|£S|AED|₪|ر.\\ع|ر.\\ق|SR|﷼|FCFA|CFA|دج|Kz|P|FBu|CVE|CF|FC|Fdj|E£|Nkf|Br|L|D|GH₵|FG|KSh|L|LD\\$|LD|Ar|K|₨|UM|DH|MT|N\\$|₦|R₣|Db|SR|Le|Sh\\.So\\.|R|SS£|SDG|TSh|د.\\ت|USh|\\$|A\\$|৳|Nu|B\\$|៛|¥|元|\\$|HK\\$|Rp|₹|₸|som|₭|MOP\\$|RM|MRf|₮|K|Rs|\\$|₩|Rs|₱|S\\$|₩|Rs|NT\\$|TJS|US\\$|฿|m|som|₫|₿|Ξ|Ł|ɱ|XRP|₮))"
          },
          {
            "allowPartialMatch": false,
            "caseSensitive": false,
            "checksumType": "NONE",
            "matchStrength": 0.3,
            "note": "Currency with Numeric digits and without prefix or suffix currency symbols, but ending in decimals",
            "regex": "[+-]?(\\d{1,3}(,\\d{3})*|(\\d+))(\\.\\d{2})"
          }
        ],
        "rejectStrength": 0.1
      }
    },
    {
      "domain": "PAYMENT_AMOUNT",
      "name": "Payment Amount - Type",
      "type": "TYPE",
      "properties": {
        "allowedTypes": [
          {
            "minimumLength": 4,
            "typeName": "String"
          },
          {
            "minimumLength": 4,
            "typeName": "Number"
          }
        ],
        "matchAutoIncrementingColumn": false
      }
    },
    {
      "domain": "PO_BOX",
      "name": "PO Box - Path",
      "type": "PATH",
      "properties": {
        "paths": [
          {
            "allowPartialMatch": true,
            "caseSensitive": false,
            "fieldValue": "(?i)(?\u003e(p.?o.?_?-? ?box|post_?-? ?office_?-? ?box ?_?-?)(number|num|nbr|no)?)",
            "matchStrength": 0.67,
            "matchType": "REGEX",
            "parentValue": ""
          }
        ],
        "rejectStrength": 0.0
      }
    },
    {
      "domain": "PO_BOX",
      "name": "PO Box - Type",
      "type": "TYPE",
      "properties": {
        "allowedTypes": [
          {
            "minimumLength": 4,
            "typeName": "String"
          },
          {
            "minimumLength": 4,
            "typeName": "Number"
          }
        ],
        "matchAutoIncrementingColumn": false
      }
    },
    {
      "domain": "POLITICAL_ORIEN",
      "name": "Political Orientation - List",
      "type": "LIST",
      "properties": {
        "rejectStrength": 0.3,
        "tokenizationDelimiter": " ",
        "tokenizeInput": false,
        "valueLists": [
          {
            "file": "file://f_bae0258b12d5ae036ea0cd20b00e62df_political_orientations.txt",
            "matchStrength": 1.0
          }
        ]
      }
    },
    {
      "domain": "POLITICAL_ORIEN",
      "name": "Political Orientation - Path",
      "type": "PATH",
      "properties": {
        "paths": [
          {
            "allowPartialMatch": true,
            "caseSensitive": false,
            "fieldValue": "(?\u003epoliti?ca?l[-_ ]?(orie?nt?(ation)?s?|pref(er)?(ence)?s?|ideolo?gy))",
            "matchStrength": 0.67,
            "matchType": "REGEX",
            "parentValue": ""
          }
        ],
        "rejectStrength": 0.0
      }
    },
    {
      "domain": "POLITICAL_ORIEN",
      "name": "Political Orientation - Type",
      "type": "TYPE",
      "properties": {
        "allowedTypes": [
          {
            "minimumLength": 3,
            "typeName": "String"
          }
        ],
        "matchAutoIncrementingColumn": false
      }
    },
    {
      "domain": "ZIP",
      "name": "Postcode - Path",
      "type": "PATH",
      "properties": {
        "paths": [
          {
            "allowPartialMatch": true,
            "caseSensitive": false,
            "fieldValue": "(?i)(?\u003e(zip|post|postal)_?-? ?(co?de?)|(zip))",
            "matchStrength": 0.67,
            "matchType": "REGEX",
            "parentValue": ""
          }
        ],
        "rejectStrength": 0.0
      }
    },
    {
      "domain": "ZIP",
      "name": "Postcode - Regex",
      "type": "REGEX",
      "properties": {
        "dataPatterns": [
          {
            "allowPartialMatch": true,
            "caseSensitive": false,
            "checksumType": "NONE",
            "matchStrength": 0.7,
            "regex": "^[0-9]{5}(?:-[0-9]{4})$"
          },
          {
            "allowPartialMatch": true,
            "caseSensitive": false,
            "checksumType": "NONE",
            "matchStrength": 0.2,
            "regex": "^[0-9]{5}$"
          }
        ],
        "rejectStrength": 0.1
      }
    },
    {
      "domain": "ZIP",
      "name": "Postcode - Type",
      "type": "TYPE",
      "properties": {
        "allowedTypes": [
          {
            "minimumLength": 4,
            "typeName": "Number"
          },
          {
            "minimumLength": 4,
            "typeName": "String"
          }
        ],
        "matchAutoIncrementingColumn": false
      }
    },
    {
      "domain": "PRECINCT",
      "name": "Precinct - Path",
      "type": "PATH",
      "properties": {
        "paths": [
          {
            "allowPartialMatch": true,
            "caseSensitive": false,
            "fieldValue": "(?i)(?\u003eprecinct|prcnct)",
            "matchStrength": 0.67,
            "matchType": "REGEX",
            "parentValue": ""
          }
        ],
        "rejectStrength": 0.0
      }
    },
    {
      "domain": "PRECINCT",
      "name": "Precinct - Type",
      "type": "TYPE",
      "properties": {
        "allowedTypes": [
          {
            "minimumLength": 0,
            "typeName": "String"
          },
          {
            "minimumLength": 0,
            "typeName": "Number"
          }
        ],
        "matchAutoIncrementingColumn": false
      }
    },
    {
      "domain": "RECORD_NO",
      "name": "Record Number - Path",
      "type": "PATH",
      "properties": {
        "paths": [
          {
            "allowPartialMatch": true,
            "caseSensitive": false,
            "fieldValue": "(?\u003e(med(ical)?|rec(ord)?|(med(ical)?)[-_ ]?rec(ord)?)[-_ ]?(num(ber)?|nbr|no|id|key))",
            "matchStrength": 0.67,
            "matchType": "REGEX",
            "parentValue": ""
          },
          {
            "allowPartialMatch": true,
            "caseSensitive": false,
            "fieldValue": "(?\u003e(med(ical)?[-_ ]?)?health([-_ ]?ca?re?)?([-_ ]?med(ical)?)?([-_ ]?rec(ord)?)?[-_ ]?(num(ber)?|nbr|no|id|key))",
            "matchStrength": 0.67,
            "matchType": "REGEX",
            "parentValue": ""
          }
        ],
        "rejectStrength": 0.0
      }
    },
    {
      "domain": "RECORD_NO",
      "name": "Record Number - Type",
      "type": "TYPE",
      "properties": {
        "allowedTypes": [
          {
            "minimumLength": 5,
            "typeName": "String"
          },
          {
            "minimumLength": 5,
            "typeName": "Number"
          }
        ],
        "matchAutoIncrementingColumn": false
      }
    },
    {
      "domain": "RELIGIOUS_ORIEN",
      "name": "Religious Orientation - List",
      "type": "LIST",
      "properties": {
        "rejectStrength": 0.3,
        "tokenizationDelimiter": " ",
        "tokenizeInput": false,
        "valueLists": [
          {
            "file": "file://f_f1f50183328150bbcc31a75101fa5c19_religious_orientations.txt",
            "matchStrength": 1.0
          }
        ]
      }
    },
    {
      "domain": "RELIGIOUS_ORIEN",
      "name": "Religious Orientation - Path",
      "type": "PATH",
      "properties": {
        "paths": [
          {
            "allowPartialMatch": true,
            "caseSensitive": false,
            "fieldValue": "(?\u003ereligion|religio?us[-_ ]?(orie?nt?(ation)?s?|pref(er)?(ence)?s?|practice|faith|type|identity))",
            "matchStrength": 0.67,
            "matchType": "REGEX",
            "parentValue": ""
          }
        ],
        "rejectStrength": 0.0
      }
    },
    {
      "domain": "RELIGIOUS_ORIEN",
      "name": "Religious Orientation - Type",
      "type": "TYPE",
      "properties": {
        "allowedTypes": [
          {
            "minimumLength": 3,
            "typeName": "String"
          }
        ],
        "matchAutoIncrementingColumn": false
      }
    },
    {
      "domain": "ROUTING_NO",
      "name": "Routing Number - Path",
      "type": "PATH",
      "properties": {
        "paths": [
          {
            "allowPartialMatch": true,
            "caseSensitive": false,
            "fieldValue": "(?\u003e(^|[-_ ])(routing|aba|ach|rtn|routing[-_ ]?transit)[-_ ]?(number|num|nbr|no))",
            "matchStrength": 0.67,
            "matchType": "REGEX",
            "parentValue": ""
          }
        ],
        "rejectStrength": 0.0
      }
    },
    {
      "domain": "ROUTING_NO",
      "name": "Routing Number - Regex",
      "type": "REGEX",
      "properties": {
        "dataPatterns": [
          {
            "allowPartialMatch": false,
            "caseSensitive": false,
            "checksumType": "MOD10_ABA",
            "matchStrength": 0.9,
            "regex": "\\d{9}"
          }
        ],
        "rejectStrength": 0.5
      }
    },
    {
      "domain": "ROUTING_NO",
      "name": "Routing Number - Type",
      "type": "TYPE",
      "properties": {
        "allowedTypes": [
          {
            "minimumLength": 9,
            "typeName": "String"
          },
          {
            "minimumLength": 9,
            "typeName": "Number"
          }
        ],
        "matchAutoIncrementingColumn": false
      }
    },
    {
      "domain": "SCHOOL_NM",
      "name": "School Name - Path",
      "type": "PATH",
      "properties": {
        "paths": [
          {
            "allowPartialMatch": true,
            "caseSensitive": false,
            "fieldValue": "(?i)(?\u003eschool_?-?na?me?)",
            "matchStrength": 0.67,
            "matchType": "REGEX",
            "parentValue": ""
          }
        ],
        "rejectStrength": 0.0
      }
    },
    {
      "domain": "SCHOOL_NM",
      "name": "School Name - Type",
      "type": "TYPE",
      "properties": {
        "allowedTypes": [
          {
            "minimumLength": 20,
            "typeName": "String"
          }
        ],
        "matchAutoIncrementingColumn": false
      }
    },
    {
      "domain": "SECURITY_CODE",
      "name": "Security Code - Path",
      "type": "PATH",
      "properties": {
        "paths": [
          {
            "allowPartialMatch": true,
            "caseSensitive": false,
            "fieldValue": "(?i)(?\u003ese?cu?r(i?ty?)?_?co?de?)",
            "matchStrength": 0.67,
            "matchType": "REGEX",
            "parentValue": ""
          }
        ],
        "rejectStrength": 0.0
      }
    },
    {
      "domain": "SECURITY_CODE",
      "name": "Security Code - Type",
      "type": "TYPE",
      "properties": {
        "allowedTypes": [
          {
            "minimumLength": 5,
            "typeName": "String"
          },
          {
            "minimumLength": 5,
            "typeName": "Number"
          },
          {
            "minimumLength": 0,
            "typeName": "Binary"
          }
        ],
        "matchAutoIncrementingColumn": false
      }
    },
    {
      "domain": "SERIAL_NO",
      "name": "Serial Number - Path",
      "type": "PATH",
      "properties": {
        "paths": [
          {
            "allowPartialMatch": true,
            "caseSensitive": false,
            "fieldValue": "(?i)(?\u003e(ser(ial)?)_?-? ?(number|num|nbr|no))",
            "matchStrength": 0.67,
            "matchType": "REGEX",
            "parentValue": ""
          }
        ],
        "rejectStrength": 0.0
      }
    },
    {
      "domain": "SERIAL_NO",
      "name": "Serial Number - Type",
      "type": "TYPE",
      "properties": {
        "allowedTypes": [
          {
            "minimumLength": 0,
            "typeName": "Number"
          },
          {
            "minimumLength": 0,
            "typeName": "String"
          }
        ],
        "matchAutoIncrementingColumn": false
      }
    },
    {
      "domain": "SEXUAL_ORIENTATION",
      "name": "Sexual Orientation - List",
      "type": "LIST",
      "properties": {
        "rejectStrength": 0.1,
        "tokenizationDelimiter": " ",
        "tokenizeInput": false,
        "valueLists": [
          {
            "file": "file://f_135e788d4823657c9cdb007b527854bf_sexual_orientations.txt",
            "matchStrength": 0.9
          }
        ]
      }
    },
    {
      "domain": "SEXUAL_ORIENTATION",
      "name": "Sexual Orientation - Path",
      "type": "PATH",
      "properties": {
        "paths": [
          {
            "allowPartialMatch": true,
            "caseSensitive": false,
            "fieldValue": "(?i)(?\u003e(sexuali?ty|sexual[-_ ]?(orie?nt?(ation)?s?)?(pref(er)?(ence)?s?)?[-_ ]?(type|identity)?))",
            "matchStrength": 0.67,
            "matchType": "REGEX",
            "parentValue": ""
          }
        ],
        "rejectStrength": 0.0
      }
    },
    {
      "domain": "SEXUAL_ORIENTATION",
      "name": "Sexual Orientation - Type",
      "type": "TYPE",
      "properties": {
        "allowedTypes": [
          {
            "minimumLength": 5,
            "typeName": "String"
          }
        ],
        "matchAutoIncrementingColumn": false
      }
    },
    {
      "domain": "SIGNATURE",
      "name": "Signature - Path",
      "type": "PATH",
      "properties": {
        "paths": [
          {
            "allowPartialMatch": true,
            "caseSensitive": false,
            "fieldValue": "(?i)(?\u003e(signature))",
            "matchStrength": 0.67,
            "matchType": "REGEX",
            "parentValue": ""
          }
        ],
        "rejectStrength": 0.0
      }
    },
    {
      "domain": "SIGNATURE",
      "name": "Signature - Type",
      "type": "TYPE",
      "properties": {
        "allowedTypes": [
          {
            "minimumLength": 0,
            "typeName": "String"
          },
          {
            "minimumLength": 0,
            "typeName": "Binary"
          }
        ],
        "matchAutoIncrementingColumn": false
      }
    },
    {
      "domain": "SWIFT_CODE",
      "name": "Swift Code - Path",
      "type": "PATH",
      "properties": {
        "paths": [
          {
            "allowPartialMatch": true,
            "caseSensitive": false,
            "fieldValue": "(?\u003e(swift|(^|[-_ ])bic)[-_ ]?(number|num|nbr|no|code|cd|id)|bank[-_ ]?(identification|identifier)[-_ ]?(code|cd))",
            "matchStrength": 0.67,
            "matchType": "REGEX",
            "parentValue": ""
          }
        ],
        "rejectStrength": 0.0
      }
    },
    {
      "domain": "SWIFT_CODE",
      "name": "Swift Code - Regex",
      "type": "REGEX",
      "properties": {
        "dataPatterns": [
          {
            "allowPartialMatch": false,
            "caseSensitive": false,
            "checksumType": "NONE",
            "matchStrength": 0.2,
            "note": "Swift-code format: 8-11 digit code with country-code at 5,6 positions.",
            "regex": "[A-Z]{4}-?[AD|AE|AF|AG|AI|AL|AM|AO|AQ|AR|AS|AT|AU|AW|AX|AZ|BA|BB|BD|BE|BF|BG|BH|BI|BJ|BL|BM|BN|BO|BQ|BR|BS|BT|BV|BW|BY|BZ|CA|CC|CD|CF|CG|CH|CI|CK|CL|CM|CN|CO|CR|CU|CV|CW|CX|CY|CZ|DE|DJ|DK|DM|DO|DZ|EC|EE|EG|EH|ER|ES|ET|FI|FJ|FK|FM|FO|FR|GA|GB|GD|GE|GF|GG|GH|GI|GL|GM|GN|GP|GQ|GR|GS|GT|GU|GW|GY|HK|HM|HN|HR|HT|HU|ID|IE|IL|IM|IN|IO|IQ|IR|IS|IT|JE|JM|JO|JP|KE|KG|KH|KI|KM|KN|KP|KR|KW|KY|KZ|LA|LB|LC|LI|LK|LR|LS|LT|LU|LV|LY|MA|MC|MD|ME|MF|MG|MH|MK|ML|MM|MN|MO|MP|MQ|MR|MS|MT|MU|MV|MW|MX|MY|MZ|NA|NC|NE|NF|NG|NI|NL|NO|NP|NR|NU|NZ|OM|PA|PE|PF|PG|PH|PK|PL|PM|PN|PR|PS|PT|PW|PY|QA|RE|RO|RS|RU|RW|SA|SB|SC|SD|SE|SG|SH|SI|SJ|SK|SL|SM|SN|SO|SR|SS|ST|SV|SX|SY|SZ|TC|TD|TF|TG|TH|TJ|TK|TL|TM|TN|TO|TR|TT|TV|TW|TZ|UA|UG|UM|US|UY|UZ|VA|VC|VE|VG|VI|VN|VU|WF|WS|YE|YT|ZA|ZM|ZW]-?[A-Z0-9]{2}(-[A-Z0-9]{3})?"
          }
        ],
        "rejectStrength": 0.3
      }
    },
    {
      "domain": "SWIFT_CODE",
      "name": "Swift Code - Type",
      "type": "TYPE",
      "properties": {
        "allowedTypes": [
          {
            "minimumLength": 8,
            "typeName": "String"
          }
        ],
        "matchAutoIncrementingColumn": false
      }
    },
    {
      "domain": "TAX_ID",
      "name": "Tax ID - Path",
      "type": "PATH",
      "properties": {
        "paths": [
          {
            "allowPartialMatch": true,
            "caseSensitive": false,
            "fieldValue": "(?i)(?\u003e(tax)_?-? ?(id(ent)?)_?-? ?((co?de?)|(number|num|nbr|no))?)",
            "matchStrength": 0.67,
            "matchType": "REGEX",
            "parentValue": ""
          },
          {
            "allowPartialMatch": true,
            "caseSensitive": false,
            "fieldValue": "(?i)(?\u003etin$)",
            "matchStrength": 0.67,
            "matchType": "REGEX",
            "parentValue": ""
          }
        ],
        "rejectStrength": 0.0
      }
    },
    {
      "domain": "TAX_ID",
      "name": "Tax ID - Type",
      "type": "TYPE",
      "properties": {
        "allowedTypes": [
          {
            "minimumLength": 6,
            "typeName": "String"
          },
          {
            "minimumLength": 6,
            "typeName": "Number"
          }
        ],
        "matchAutoIncrementingColumn": false
      }
    },
    {
      "domain": "TELEPHONE_NO",
      "name": "Telephone Number - Path",
      "type": "PATH",
      "properties": {
        "paths": [
          {
            "allowPartialMatch": true,
            "caseSensitive": false,
            "fieldValue": "(?i)(?\u003e(phone|contact|^tel($|[ _-])|fax|mobile|telephone)_?-? ?)(number|num|nbr|no)?",
            "matchStrength": 0.67,
            "matchType": "REGEX",
            "parentValue": ""
          }
        ],
        "rejectStrength": 0.0
      }
    },
    {
      "domain": "TELEPHONE_NO",
      "name": "Telephone Number - Regex",
      "type": "REGEX",
      "properties": {
        "dataPatterns": [
          {
            "allowPartialMatch": false,
            "caseSensitive": false,
            "checksumType": "NONE",
            "matchStrength": 0.7,
            "regex": "((\\+?1|001)[-. ]?)?(\\([0-9]{3}\\)[-. ]?|[0-9]{3}[-. ])[0-9]{3}[-. ][0-9]{4}"
          },
          {
            "allowPartialMatch": false,
            "caseSensitive": false,
            "checksumType": "NONE",
            "matchStrength": 0.5,
            "regex": "\\+(?:[0-9][ .()\\/-]?){6,14}[0-9]"
          },
          {
            "allowPartialMatch": false,
            "caseSensitive": false,
            "checksumType": "NONE",
            "dataCleanRegex": "[+ -.()\\/]",
            "matchStrength": 0.05,
            "regex": "[0-9]{5,17}"
          }
        ],
        "rejectStrength": 0.1
      }
    },
    {
      "domain": "TELEPHONE_NO",
      "name": "Telephone Number - Type",
      "type": "TYPE",
      "properties": {
        "allowedTypes": [
          {
            "minimumLength": 7,
            "typeName": "Number"
          },
          {
            "minimumLength": 7,
            "typeName": "String"
          }
        ],
        "matchAutoIncrementingColumn": false
      }
    },
    {
      "domain": "UNION_MEMBERSHIP_NO",
      "name": "Union Membership Number - Path",
      "type": "PATH",
      "properties": {
        "paths": [
          {
            "allowPartialMatch": true,
            "caseSensitive": false,
            "fieldValue": "(?i)(?\u003e(union)[_ -]?)(membe?r(ship)?)?[_ -]?(number|num|nbr|no|id)(?!\\w*(name|group|grp))",
            "matchStrength": 0.67,
            "matchType": "REGEX",
            "parentValue": ""
          }
        ],
        "rejectStrength": 0.0
      }
    },
    {
      "domain": "UNION_MEMBERSHIP_NO",
      "name": "Union Membership Number - Type",
      "type": "TYPE",
      "properties": {
        "allowedTypes": [
          {
            "minimumLength": 3,
            "typeName": "String"
          },
          {
            "minimumLength": 3,
            "typeName": "Number"
          }
        ],
        "matchAutoIncrementingColumn": false
      }
    },
    {
      "domain": "US_PASSPORT",
      "name": "US Passport - Path",
      "type": "PATH",
      "properties": {
        "paths": [
          {
            "allowPartialMatch": true,
            "caseSensitive": false,
            "fieldValue": "(?i)(?\u003e(passport)[_ -]?)(number|num|nbr|no)?",
            "matchStrength": 0.67,
            "matchType": "REGEX",
            "parentValue": ""
          }
        ],
        "rejectStrength": 0.0
      }
    },
    {
      "domain": "US_PASSPORT",
      "name": "US Passport - Regex",
      "type": "REGEX",
      "properties": {
        "dataPatterns": [
          {
            "allowPartialMatch": false,
            "caseSensitive": false,
            "checksumType": "NONE",
            "matchStrength": 0.2,
            "regex": "[A-Z]\\d{8}"
          },
          {
            "allowPartialMatch": false,
            "caseSensitive": false,
            "checksumType": "NONE",
            "matchStrength": 0.1,
            "regex": "(?!0{9})\\d{9}"
          }
        ],
        "rejectStrength": 0.1
      }
    },
    {
      "domain": "US_PASSPORT",
      "name": "US Passport - Type",
      "type": "TYPE",
      "properties": {
        "allowedTypes": [
          {
            "minimumLength": 9,
            "typeName": "String"
          },
          {
            "minimumLength": 9,
            "typeName": "Number"
          }
        ],
        "matchAutoIncrementingColumn": false
      }
    },
    {
      "domain": "US_STATE",
      "name": "US State - List",
      "type": "LIST",
      "properties": {
        "rejectStrength": 0.1,
        "tokenizationDelimiter": " ",
        "tokenizeInput": false,
        "valueLists": [
          {
            "file": "file://f_18bc0d884ce1489cb1b8a42ffa51266d_us_states_full.txt",
            "matchStrength": 1.0
          }
        ]
      }
    },
    {
      "domain": "US_STATE",
      "name": "US State - Path",
      "type": "PATH",
      "properties": {
        "paths": [
          {
            "allowPartialMatch": false,
            "caseSensitive": false,
            "fieldValue": "(?i)state",
            "matchStrength": 0.67,
            "matchType": "REGEX",
            "parentValue": ""
          }
        ],
        "rejectStrength": 0.0
      }
    },
    {
      "domain": "US_STATE",
      "name": "US State - Type",
      "type": "TYPE",
      "properties": {
        "allowedTypes": [
          {
            "minimumLength": 14,
            "typeName": "String"
          }
        ],
        "matchAutoIncrementingColumn": false
      }
    },
    {
      "domain": "USER_ID",
      "name": "User ID - Path",
      "type": "PATH",
      "properties": {
        "paths": [
          {
            "allowPartialMatch": true,
            "caseSensitive": false,
            "fieldValue": "(?i)(?\u003e(use?r)([-_ ])?(na?me?|id)?)$",
            "matchStrength": 0.67,
            "matchType": "REGEX",
            "parentValue": ""
          }
        ],
        "rejectStrength": 0.0
      }
    },
    {
      "domain": "USER_ID",
      "name": "User ID - Type",
      "type": "TYPE",
      "properties": {
        "allowedTypes": [
          {
            "minimumLength": 8,
            "typeName": "String"
          },
          {
            "minimumLength": 8,
            "typeName": "Number"
          }
        ],
        "matchAutoIncrementingColumn": false
      }
    },
    {
      "domain": "USPS_STATE_CODE",
      "name": "USPS State Code - List",
      "type": "LIST",
      "properties": {
        "rejectStrength": 0.5,
        "tokenizationDelimiter": " ",
        "tokenizeInput": false,
        "valueLists": [
          {
            "file": "file://f_a11a3c12fd8c2d590704d4f08fe6c34c_us_states.txt",
            "matchStrength": 1.0
          }
        ]
      }
    },
    {
      "domain": "USPS_STATE_CODE",
      "name": "USPS State Code - Path",
      "type": "PATH",
      "properties": {
        "paths": [
          {
            "allowPartialMatch": true,
            "caseSensitive": false,
            "fieldValue": "ship_state",
            "matchStrength": 0.67,
            "matchType": "REGEX",
            "parentValue": ""
          },
          {
            "allowPartialMatch": false,
            "caseSensitive": false,
            "fieldValue": "(?i)state[ _-]?(cd|code|abbrev)?",
            "matchStrength": 0.67,
            "matchType": "REGEX",
            "parentValue": ""
          }
        ],
        "rejectStrength": 0.0
      }
    },
    {
      "domain": "USPS_STATE_CODE",
      "name": "USPS State Code - Type",
      "type": "TYPE",
      "properties": {
        "allowedTypes": [
          {
            "minimumLength": 2,
            "typeName": "String"
          }
        ],
        "matchAutoIncrementingColumn": false
      }
    },
    {
      "domain": "VIN_NO",
      "name": "Vehicle Identification Number - Path",
      "type": "PATH",
      "properties": {
        "paths": [
          {
            "allowPartialMatch": true,
            "caseSensitive": false,
            "fieldValue": "(?i)(?\u003e(^vin$|vehicle_?-? ?id(entification)?_?-? ?(number|num|nbr|no)))",
            "matchStrength": 0.67,
            "matchType": "REGEX",
            "parentValue": ""
          },
          {
            "allowPartialMatch": true,
            "caseSensitive": false,
            "fieldValue": "(?i)(?\u003e(vehicle))",
            "matchStrength": 0.67,
            "matchType": "REGEX",
            "parentValue": ""
          }
        ],
        "rejectStrength": 0.0
      }
    },
    {
      "domain": "VIN_NO",
      "name": "Vehicle Identification Number - Type",
      "type": "TYPE",
      "properties": {
        "allowedTypes": [
          {
            "minimumLength": 10,
            "typeName": "String"
          }
        ],
        "matchAutoIncrementingColumn": false
      }
    },
    {
      "domain": "WEB",
      "name": "Web URL - Path",
      "type": "PATH",
      "properties": {
        "paths": [
          {
            "allowPartialMatch": true,
            "caseSensitive": false,
            "fieldValue": "(?i)(?\u003e(^url_?-? ?|web_? ?)(addr?e?s?s?)?)",
            "matchStrength": 0.67,
            "matchType": "REGEX",
            "parentValue": ""
          }
        ],
        "rejectStrength": 0.0
      }
    },
    {
      "domain": "WEB",
      "name": "Web URL - Type",
      "type": "TYPE",
      "properties": {
        "allowedTypes": [
          {
            "minimumLength": 10,
            "typeName": "String"
          }
        ],
        "matchAutoIncrementingColumn": false
      }
    }
  ]
}